"id","finance","id_finance_id","finance_en"
"1","يوم واحد","04021010","one day"
"2","يوم واحد","04022110","one day"
"3","يوم واحد","04022910","one day"
"4","يوم واحد","19011000","one day"
"5","يوم واحد","30031000","one day"
"6","يوم واحد","30033100","one day"
"7","يوم واحد","30033900","one day"
"8","يوم واحد","30034900","one day"
"9","يوم واحد","30039000","one day"
"10","يوم واحد","30041000","one day"
"11","يوم واحد","30042000","one day"
"12","يوم واحد","30043100","one day"
"13","يوم واحد","30043200","one day"
"14","يوم واحد","30043900","one day"
"15","يوم واحد","30044900","one day"
"16","يوم واحد","30045000","one day"
"17","يوم واحد","30049000","one day"
"18","يوم واحد","30032000","one day"
"19","يوم واحد","30066000","one day"
"20","30 يوم","10061000","30 days"
"21","30 يوم","10062000","30 days"
"22","30 يوم","10063000","30 days"
"23","30 يوم","15121100","30 days"
"24","30 يوم","15111000","30 days"
"25","30 يوم","15132100","30 days"
"26","30 يوم","15071000","30 days"
"27","30 يوم","15131100","30 days"
"28","30 يوم","15152100","30 days"
"29","30 يوم","32131000","30 days"
"30","30 يوم","32139000","30 days"
"31","30 يوم","39261000","30 days"
"32","30 يوم","40169200","30 days"
"33","30 يوم","40169990","30 days"
"34","30 يوم","48201000","30 days"
"35","30 يوم","48202000","30 days"
"36","30 يوم","48203000","30 days"
"37","30 يوم","48204000","30 days"
"38","30 يوم","48211000","30 days"
"39","30 يوم","48219000","30 days"
"40","30 يوم","49011000","30 days"
"41","30 يوم","49019100","30 days"
"42","30 يوم","49019900","30 days"
"43","30 يوم","82141000","30 days"
"44","30 يوم","83051000","30 days"
"45","30 يوم","83052000","30 days"
"46","30 يوم","83059000","30 days"
"47","30 يوم","83082000","30 days"
"48","30 يوم","84401000","30 days"
"49","30 يوم","84701000","30 days"
"50","30 يوم","84702100","30 days"
"51","30 يوم","84702900","30 days"
"52","30 يوم","84703000","30 days"
"53","30 يوم","84709000","30 days"
"54","30 يوم","84723000","30 days"
"55","30 يوم","84729000","30 days"
"56","30 يوم","90171000","30 days"
"57","30 يوم","90172000","30 days"
"58","30 يوم","90173000","30 days"
"59","30 يوم","90178000","30 days"
"60","30 يوم","90179000","30 days"
"61","30 يوم","90230000","30 days"
"62","30 يوم","96033000","30 days"
"63","30 يوم","96081000","30 days"
"64","30 يوم","96082000","30 days"
"65","30 يوم","96083000","30 days"
"66","30 يوم","96084000","30 days"
"67","30 يوم","96085000","30 days"
"68","30 يوم","96086000","30 days"
"69","30 يوم","96089920","30 days"
"70","30 يوم","96089990","30 days"
"71","30 يوم","96091010","30 days"
"72","30 يوم","96091090","30 days"
"73","30 يوم","96092000","30 days"
"74","30 يوم","96099000","30 days"
"75","30 يوم","96100000","30 days"
"76","30 يوم","96110000","30 days"
"77","30 يوم","96122000","30 days"
"78","30 يوم","06029000","30 days"
"79","30 يوم","07011000","30 days"
"80","30 يوم","07131010","30 days"
"81","30 يوم","07133110","30 days"
"82","30 يوم","07133210","30 days"
"83","30 يوم","07133310","30 days"
"84","30 يوم","07133510","30 days"
"85","30 يوم","07133910","30 days"
"86","30 يوم","07135010","30 days"
"87","30 يوم","10051000","30 days"
"88","30 يوم","10071000","30 days"
"89","30 يوم","12011000","30 days"
"90","30 يوم","12023000","30 days"
"91","30 يوم","12059000","30 days"
"92","30 يوم","12075000","30 days"
"93","30 يوم","12091000","30 days"
"94","30 يوم","12092100","30 days"
"95","30 يوم","12092200","30 days"
"96","30 يوم","12092300","30 days"
"97","30 يوم","12092400","30 days"
"98","30 يوم","12092500","30 days"
"99","30 يوم","12092900","30 days"
"100","30 يوم","12099100","30 days"
"101","30 يوم","12099900","30 days"
"102","30 يوم","33029000","30 days"
"103","30 يوم","31023000","30 days"
"104","30 يوم","11081900","30 days"
"105","30 يوم","34029000","30 days"
"106","30 يوم","29242900","30 days"
"107","30 يوم","29332900","30 days"
"108","30 يوم","35040000","30 days"
"109","30 يوم","35051000","30 days"
"110","30 يوم","96020010","30 days"
"111","30 يوم","17031000","30 days"
"112","30 يوم","17039000","30 days"
"113","60 يوم","09041100","60 days"
"114","60 يوم","09041200","60 days"
"115","60 يوم","09061100","60 days"
"116","60 يوم","09061900","60 days"
"117","60 يوم","09062000","60 days"
"118","60 يوم","09071000","60 days"
"119","60 يوم","09072000","60 days"
"120","60 يوم","09081100","60 days"
"121","60 يوم","09082100","60 days"
"122","60 يوم","09101100","60 days"
"123","60 يوم","09101200","60 days"
"124","60 يوم","09103000","60 days"
"125","60 يوم","09109100","60 days"
"126","60 يوم","09109900","60 days"
"127","60 يوم","12040000","60 days"
"128","60 يوم","12112000","60 days"
"129","60 يوم","16041300","60 days"
"130","60 يوم","16041400","60 days"
"131","60 يوم","12074000","60 days"
"132","60 يوم","09021000","60 days"
"133","60 يوم","09022000","60 days"
"134","60 يوم","09023000","60 days"
"135","60 يوم","09024000","60 days"
"136","60 يوم","38085990","60 days"
"137","60 يوم","38086290","60 days"
"138","60 يوم","38086920","60 days"
"139","60 يوم","38089220","60 days"
"140","60 يوم","38089930","60 days"
"141","60 يوم","38086990","60 days"
"142","60 يوم","38089110","60 days"
"143","60 يوم","38089190","60 days"
"144","60 يوم","38089320","60 days"
"145","60 يوم","38089390","60 days"
"146","60 يوم","38089420","60 days"
"147","60 يوم","38089920","60 days"
"148","60 يوم","38089940","60 days"
"149","60 يوم","38089990","60 days"
"150","60 يوم","09030000","60 days"
"151","60 يوم","10083000","60 days"
"152","60 يوم","12141000","60 days"
"153","60 يوم","23012000","60 days"
"154","60 يوم","23061000","60 days"
"155","60 يوم","23099010","60 days"
"156","60 يوم","23099020","60 days"
"157","60 يوم","23099090","60 days"
"158","60 يوم","25201000","60 days"
"159","60 يوم","25202000","60 days"
"160","60 يوم","30019000","60 days"
"161","60 يوم","33049900","60 days"
"162","60 يوم","39233010","60 days"
"163","60 يوم","30051000","60 days"
"164","60 يوم","30059000","60 days"
"165","60 يوم","30061000","60 days"
"166","60 يوم","30063000","60 days"
"167","60 يوم","30064000","60 days"
"168","60 يوم","30065000","60 days"
"169","60 يوم","30067000","60 days"
"170","60 يوم","30069100","60 days"
"171","60 يوم","33061000","60 days"
"172","60 يوم","33062000","60 days"
"173","60 يوم","33069000","60 days"
"174","60 يوم","33079010","60 days"
"175","60 يوم","34070000","60 days"
"176","60 يوم","37011000","60 days"
"177","60 يوم","38210000","60 days"
"178","60 يوم","39249000","60 days"
"179","60 يوم","39269070","60 days"
"180","60 يوم","40141000","60 days"
"181","60 يوم","40149000","60 days"
"182","60 يوم","40151200","60 days"
"183","60 يوم","44219930","60 days"
"184","60 يوم","48185000","60 days"
"185","60 يوم","61151000","60 days"
"186","60 يوم","63079000","60 days"
"187","60 يوم","68099010","60 days"
"188","60 يوم","70101000","60 days"
"189","60 يوم","70102000","60 days"
"190","60 يوم","70109000","60 days"
"191","60 يوم","70139900","60 days"
"192","60 يوم","70179000","60 days"
"193","60 يوم","84184010","60 days"
"194","60 يوم","84191100","60 days"
"195","60 يوم","84192000","60 days"
"196","60 يوم","87131000","60 days"
"197","60 يوم","87139000","60 days"
"198","60 يوم","90013000","60 days"
"199","60 يوم","90014000","60 days"
"200","60 يوم","90015000","60 days"
"201","60 يوم","90019000","60 days"
"202","60 يوم","90031100","60 days"
"203","60 يوم","90031900","60 days"
"204","60 يوم","90111000","60 days"
"205","60 يوم","90121000","60 days"
"206","60 يوم","90132000","60 days"
"207","60 يوم","90138000","60 days"
"208","60 يوم","90181100","60 days"
"209","60 يوم","90181200","60 days"
"210","60 يوم","90181300","60 days"
"211","60 يوم","90181400","60 days"
"212","60 يوم","90181900","60 days"
"213","60 يوم","90182000","60 days"
"214","60 يوم","90183100","60 days"
"215","60 يوم","90183200","60 days"
"216","60 يوم","90183900","60 days"
"217","60 يوم","90184100","60 days"
"218","60 يوم","90184900","60 days"
"219","60 يوم","90185000","60 days"
"220","60 يوم","90189000","60 days"
"221","60 يوم","90191000","60 days"
"222","60 يوم","90192000","60 days"
"223","60 يوم","90200000","60 days"
"224","60 يوم","90211000","60 days"
"225","60 يوم","90212100","60 days"
"226","60 يوم","90212900","60 days"
"227","60 يوم","90213100","60 days"
"228","60 يوم","90213900","60 days"
"229","60 يوم","90214000","60 days"
"230","60 يوم","90215000","60 days"
"231","60 يوم","90219000","60 days"
"232","60 يوم","90221200","60 days"
"233","60 يوم","90221300","60 days"
"234","60 يوم","90221400","60 days"
"235","60 يوم","90221900","60 days"
"236","60 يوم","90222100","60 days"
"237","60 يوم","90222900","60 days"
"238","60 يوم","90223000","60 days"
"239","60 يوم","90229000","60 days"
"240","60 يوم","90251100","60 days"
"241","60 يوم","90312000","60 days"
"242","60 يوم","90314900","60 days"
"243","60 يوم","90318000","60 days"
"244","60 يوم","90330000","60 days"
"245","60 يوم","94021000","60 days"
"246","60 يوم","94029000","60 days"
"247","60 يوم","96032100","60 days"
"248","60 يوم","27030000","60 days"
"249","60 يوم","31010000","60 days"
"250","60 يوم","31021000","60 days"
"251","60 يوم","31022100","60 days"
"252","60 يوم","31022900","60 days"
"253","60 يوم","31025000","60 days"
"254","60 يوم","31026000","60 days"
"255","60 يوم","31028000","60 days"
"256","60 يوم","31029000","60 days"
"257","60 يوم","31031100","60 days"
"258","60 يوم","31031900","60 days"
"259","60 يوم","31039000","60 days"
"260","60 يوم","31042000","60 days"
"261","60 يوم","31043000","60 days"
"262","60 يوم","31049000","60 days"
"263","60 يوم","31051000","60 days"
"264","60 يوم","31052000","60 days"
"265","60 يوم","31053000","60 days"
"266","60 يوم","31054000","60 days"
"267","60 يوم","31055100","60 days"
"268","60 يوم","31055900","60 days"
"269","60 يوم","31056000","60 days"
"270","60 يوم","31059000","60 days"
"271","60 يوم","12019000","60 days"
"272","60 يوم","04021090","60 days"
"273","60 يوم","04022190","60 days"
"274","60 يوم","04022990","60 days"
"275","60 يوم","10059000","60 days"
"276","60 يوم","10039000","60 days"
"277","60 يوم","11081300","60 days"
"278","60 يوم","21061000","60 days"
"279","60 يوم","21069010","60 days"
"280","60 يوم","21069020","60 days"
"281","60 يوم","21069030","60 days"
"282","60 يوم","21069091","60 days"
"283","60 يوم","21039000","60 days"
"284","60 يوم","11081200","60 days"
"285","60 يوم","04041000","60 days"
"286","60 يوم","33021000","60 days"
"287","60 يوم","29181400","60 days"
"288","60 يوم","29181500","60 days"
"289","60 يوم","28011000","60 days"
"290","60 يوم","28012000","60 days"
"291","60 يوم","28020000","60 days"
"292","60 يوم","28030000","60 days"
"293","60 يوم","28041000","60 days"
"294","60 يوم","28042100","60 days"
"295","60 يوم","28043000","60 days"
"296","60 يوم","28044000","60 days"
"297","60 يوم","28045000","60 days"
"298","60 يوم","28046100","60 days"
"299","60 يوم","28046900","60 days"
"300","60 يوم","28047000","60 days"
"301","60 يوم","28049000","60 days"
"302","60 يوم","28051100","60 days"
"303","60 يوم","28051200","60 days"
"304","60 يوم","28051900","60 days"
"305","60 يوم","28061000","60 days"
"306","60 يوم","28070000","60 days"
"307","60 يوم","28080000","60 days"
"308","60 يوم","28091000","60 days"
"309","60 يوم","28092000","60 days"
"310","60 يوم","28100000","60 days"
"311","60 يوم","28111100","60 days"
"312","60 يوم","28111900","60 days"
"313","60 يوم","28112100","60 days"
"314","60 يوم","28112200","60 days"
"315","60 يوم","28139000","60 days"
"316","60 يوم","28141000","60 days"
"317","60 يوم","28142000","60 days"
"318","60 يوم","28151100","60 days"
"319","60 يوم","28151200","60 days"
"320","60 يوم","28152000","60 days"
"321","60 يوم","28153000","60 days"
"322","60 يوم","28161000","60 days"
"323","60 يوم","28164000","60 days"
"324","60 يوم","28170000","60 days"
"325","60 يوم","28181000","60 days"
"326","60 يوم","28182000","60 days"
"327","60 يوم","28183000","60 days"
"328","60 يوم","28191000","60 days"
"329","60 يوم","28201000","60 days"
"330","60 يوم","28209000","60 days"
"331","60 يوم","28211000","60 days"
"332","60 يوم","28212000","60 days"
"333","60 يوم","28220000","60 days"
"334","60 يوم","28230000","60 days"
"335","60 يوم","28249000","60 days"
"336","60 يوم","28251000","60 days"
"337","60 يوم","28253000","60 days"
"338","60 يوم","28255000","60 days"
"339","60 يوم","28259000","60 days"
"340","60 يوم","28261200","60 days"
"341","60 يوم","28261900","60 days"
"342","60 يوم","28269000","60 days"
"343","60 يوم","28271000","60 days"
"344","60 يوم","28272000","60 days"
"345","60 يوم","28273100","60 days"
"346","60 يوم","28273200","60 days"
"347","60 يوم","28273500","60 days"
"348","60 يوم","28273900","60 days"
"349","60 يوم","28274100","60 days"
"350","60 يوم","28274900","60 days"
"351","60 يوم","28275100","60 days"
"352","60 يوم","28275900","60 days"
"353","60 يوم","28276000","60 days"
"354","60 يوم","28281000","60 days"
"355","60 يوم","28289000","60 days"
"356","60 يوم","28301000","60 days"
"357","60 يوم","28309000","60 days"
"358","60 يوم","28311000","60 days"
"359","60 يوم","28321000","60 days"
"360","60 يوم","28322000","60 days"
"361","60 يوم","28323000","60 days"
"362","60 يوم","28331100","60 days"
"363","60 يوم","28331900","60 days"
"364","60 يوم","28332100","60 days"
"365","60 يوم","28332200","60 days"
"366","60 يوم","28332400","60 days"
"367","60 يوم","28332500","60 days"
"368","60 يوم","28332700","60 days"
"369","60 يوم","28333000","60 days"
"370","60 يوم","28334000","60 days"
"371","60 يوم","28341000","60 days"
"372","60 يوم","28342100","60 days"
"373","60 يوم","28351000","60 days"
"374","60 يوم","28352200","60 days"
"375","60 يوم","28352400","60 days"
"376","60 يوم","28352500","60 days"
"377","60 يوم","28352600","60 days"
"378","60 يوم","28353100","60 days"
"379","60 يوم","28353900","60 days"
"380","60 يوم","28362000","60 days"
"381","60 يوم","28363000","60 days"
"382","60 يوم","28364000","60 days"
"383","60 يوم","28365000","60 days"
"384","60 يوم","28369100","60 days"
"385","60 يوم","28369900","60 days"
"386","60 يوم","28391100","60 days"
"387","60 يوم","28391900","60 days"
"388","60 يوم","28399000","60 days"
"389","60 يوم","28401100","60 days"
"390","60 يوم","28401900","60 days"
"391","60 يوم","28402000","60 days"
"392","60 يوم","28403000","60 days"
"393","60 يوم","28416100","60 days"
"394","60 يوم","28417000","60 days"
"395","60 يوم","28419000","60 days"
"396","60 يوم","28421000","60 days"
"397","60 يوم","28470000","60 days"
"398","60 يوم","28491000","60 days"
"399","60 يوم","28492000","60 days"
"400","60 يوم","28531000","60 days"
"401","60 يوم","28539000","60 days"
"402","60 يوم","29011000","60 days"
"403","60 يوم","29012200","60 days"
"404","60 يوم","29012900","60 days"
"405","60 يوم","29021100","60 days"
"406","60 يوم","29021900","60 days"
"407","60 يوم","29023000","60 days"
"408","60 يوم","29024100","60 days"
"409","60 يوم","29024400","60 days"
"410","60 يوم","29025000","60 days"
"411","60 يوم","29026000","60 days"
"412","60 يوم","29029000","60 days"
"413","60 يوم","29031100","60 days"
"414","60 يوم","29031200","60 days"
"415","60 يوم","29031300","60 days"
"416","60 يوم","29032200","60 days"
"417","60 يوم","29032300","60 days"
"418","60 يوم","29034100","60 days"
"419","60 يوم","29034200","60 days"
"420","60 يوم","29034300","60 days"
"421","60 يوم","29034400","60 days"
"422","60 يوم","29034500","60 days"
"423","60 يوم","29034600","60 days"
"424","60 يوم","29034700","60 days"
"425","60 يوم","29034800","60 days"
"426","60 يوم","29034900","60 days"
"427","60 يوم","29035100","60 days"
"428","60 يوم","29035900","60 days"
"429","60 يوم","29036100","60 days"
"430","60 يوم","29036200","60 days"
"431","60 يوم","29036900","60 days"
"432","60 يوم","29037100","60 days"
"433","60 يوم","29037200","60 days"
"434","60 يوم","29037300","60 days"
"435","60 يوم","29037400","60 days"
"436","60 يوم","29037500","60 days"
"437","60 يوم","29037600","60 days"
"438","60 يوم","29037800","60 days"
"439","60 يوم","29037900","60 days"
"440","60 يوم","29038900","60 days"
"441","60 يوم","29039100","60 days"
"442","60 يوم","29039900","60 days"
"443","60 يوم","29041000","60 days"
"444","60 يوم","29042000","60 days"
"445","60 يوم","29049900","60 days"
"446","60 يوم","29051100","60 days"
"447","60 يوم","29051200","60 days"
"448","60 يوم","29051300","60 days"
"449","60 يوم","29051400","60 days"
"450","60 يوم","29051700","60 days"
"451","60 يوم","29051900","60 days"
"452","60 يوم","29052900","60 days"
"453","60 يوم","29053100","60 days"
"454","60 يوم","29053200","60 days"
"455","60 يوم","29053900","60 days"
"456","60 يوم","29054100","60 days"
"457","60 يوم","29054200","60 days"
"458","60 يوم","29054300","60 days"
"459","60 يوم","29054400","60 days"
"460","60 يوم","29054500","60 days"
"461","60 يوم","29054900","60 days"
"462","60 يوم","29055900","60 days"
"463","60 يوم","29061100","60 days"
"464","60 يوم","29061300","60 days"
"465","60 يوم","29061900","60 days"
"466","60 يوم","29062100","60 days"
"467","60 يوم","29062900","60 days"
"468","60 يوم","29071100","60 days"
"469","60 يوم","29071200","60 days"
"470","60 يوم","29071900","60 days"
"471","60 يوم","29072100","60 days"
"472","60 يوم","29072200","60 days"
"473","60 يوم","29072300","60 days"
"474","60 يوم","29072900","60 days"
"475","60 يوم","29081900","60 days"
"476","60 يوم","29089900","60 days"
"477","60 يوم","29093000","60 days"
"478","60 يوم","29094100","60 days"
"479","60 يوم","29094300","60 days"
"480","60 يوم","29094400","60 days"
"481","60 يوم","29094900","60 days"
"482","60 يوم","29095000","60 days"
"483","60 يوم","29096000","60 days"
"484","60 يوم","29103000","60 days"
"485","60 يوم","29109000","60 days"
"486","60 يوم","29121100","60 days"
"487","60 يوم","29121200","60 days"
"488","60 يوم","29121900","60 days"
"489","60 يوم","29124100","60 days"
"490","60 يوم","29124900","60 days"
"491","60 يوم","29125000","60 days"
"492","60 يوم","29126000","60 days"
"493","60 يوم","29130000","60 days"
"494","60 يوم","29141100","60 days"
"495","60 يوم","29141200","60 days"
"496","60 يوم","29141900","60 days"
"497","60 يوم","29142200","60 days"
"498","60 يوم","29142900","60 days"
"499","60 يوم","29143900","60 days"
"500","60 يوم","29144000","60 days"
"501","60 يوم","29145000","60 days"
"502","60 يوم","29146200","60 days"
"503","60 يوم","29146900","60 days"
"504","60 يوم","29147900","60 days"
"505","60 يوم","29151100","60 days"
"506","60 يوم","29151200","60 days"
"507","60 يوم","29151300","60 days"
"508","60 يوم","29152100","60 days"
"509","60 يوم","29152400","60 days"
"510","60 يوم","29152900","60 days"
"511","60 يوم","29153100","60 days"
"512","60 يوم","29153200","60 days"
"513","60 يوم","29153300","60 days"
"514","60 يوم","29153600","60 days"
"515","60 يوم","29153900","60 days"
"516","60 يوم","29154000","60 days"
"517","60 يوم","29155000","60 days"
"518","60 يوم","29156000","60 days"
"519","60 يوم","29157000","60 days"
"520","60 يوم","29159000","60 days"
"521","60 يوم","29161100","60 days"
"522","60 يوم","29161200","60 days"
"523","60 يوم","29161500","60 days"
"524","60 يوم","29161900","60 days"
"525","60 يوم","29162000","60 days"
"526","60 يوم","29163100","60 days"
"527","60 يوم","29163200","60 days"
"528","60 يوم","29163400","60 days"
"529","60 يوم","29163900","60 days"
"530","60 يوم","29171100","60 days"
"531","60 يوم","29171200","60 days"
"532","60 يوم","29171300","60 days"
"533","60 يوم","29171400","60 days"
"534","60 يوم","29171900","60 days"
"535","60 يوم","29173200","60 days"
"536","60 يوم","29173300","60 days"
"537","60 يوم","29173400","60 days"
"538","60 يوم","29173500","60 days"
"539","60 يوم","29173600","60 days"
"540","60 يوم","29173900","60 days"
"541","60 يوم","29181100","60 days"
"542","60 يوم","29181200","60 days"
"543","60 يوم","29181300","60 days"
"544","60 يوم","29091100","60 days"
"545","60 يوم","29181600","60 days"
"546","60 يوم","29181900","60 days"
"547","60 يوم","29182100","60 days"
"548","60 يوم","29182200","60 days"
"549","60 يوم","29182300","60 days"
"550","60 يوم","29182900","60 days"
"551","60 يوم","29183000","60 days"
"552","60 يوم","29189900","60 days"
"553","60 يوم","29199000","60 days"
"554","60 يوم","29202900","60 days"
"555","60 يوم","29209000","60 days"
"556","60 يوم","29211100","60 days"
"557","60 يوم","29211900","60 days"
"558","60 يوم","29212100","60 days"
"559","60 يوم","29212900","60 days"
"560","60 يوم","29213000","60 days"
"561","60 يوم","29214200","60 days"
"562","60 يوم","29214600","60 days"
"563","60 يوم","29214900","60 days"
"564","60 يوم","29215100","60 days"
"565","60 يوم","29215900","60 days"
"566","60 يوم","29221100","60 days"
"567","60 يوم","29221200","60 days"
"568","60 يوم","29221500","60 days"
"569","60 يوم","29221700","60 days"
"570","60 يوم","29221800","60 days"
"571","60 يوم","29221900","60 days"
"572","60 يوم","29222100","60 days"
"573","60 يوم","29222900","60 days"
"574","60 يوم","29223900","60 days"
"575","60 يوم","29224100","60 days"
"576","60 يوم","29224200","60 days"
"577","60 يوم","29224900","60 days"
"578","60 يوم","29225000","60 days"
"579","60 يوم","29231000","60 days"
"580","60 يوم","29232000","60 days"
"581","60 يوم","29239000","60 days"
"582","60 يوم","29241900","60 days"
"583","60 يوم","29242500","60 days"
"584","60 يوم","29251100","60 days"
"585","60 يوم","29251900","60 days"
"586","60 يوم","29252900","60 days"
"587","60 يوم","29262000","60 days"
"588","60 يوم","29264000","60 days"
"589","60 يوم","29269000","60 days"
"590","60 يوم","29270000","60 days"
"591","60 يوم","29280000","60 days"
"592","60 يوم","29291000","60 days"
"593","60 يوم","29299000","60 days"
"594","60 يوم","29302000","60 days"
"595","60 يوم","29304000","60 days"
"596","60 يوم","29305000","60 days"
"597","60 يوم","29309000","60 days"
"598","60 يوم","29311000","60 days"
"599","60 يوم","29312000","60 days"
"600","60 يوم","29314100","60 days"
"601","60 يوم","29314200","60 days"
"602","60 يوم","29314300","60 days"
"603","60 يوم","29314400","60 days"
"604","60 يوم","29314500","60 days"
"605","60 يوم","29314600","60 days"
"606","60 يوم","29314700","60 days"
"607","60 يوم","29314800","60 days"
"608","60 يوم","29314900","60 days"
"609","60 يوم","29315100","60 days"
"610","60 يوم","29315200","60 days"
"611","60 يوم","29315300","60 days"
"612","60 يوم","29315400","60 days"
"613","60 يوم","29315900","60 days"
"614","60 يوم","29319000","60 days"
"615","60 يوم","29321100","60 days"
"616","60 يوم","29321200","60 days"
"617","60 يوم","29321400","60 days"
"618","60 يوم","29321900","60 days"
"619","60 يوم","29322000","60 days"
"620","60 يوم","29329100","60 days"
"621","60 يوم","29329200","60 days"
"622","60 يوم","29329900","60 days"
"623","60 يوم","29331100","60 days"
"624","60 يوم","29331900","60 days"
"625","60 يوم","29332100","60 days"
"626","60 يوم","29333100","60 days"
"627","60 يوم","29333300","60 days"
"628","60 يوم","29333900","60 days"
"629","60 يوم","29334900","60 days"
"630","60 يوم","29335300","60 days"
"631","60 يوم","29335900","60 days"
"632","60 يوم","29336100","60 days"
"633","60 يوم","29336900","60 days"
"634","60 يوم","29337900","60 days"
"635","60 يوم","29339100","60 days"
"636","60 يوم","29339900","60 days"
"637","60 يوم","29341000","60 days"
"638","60 يوم","29342000","60 days"
"639","60 يوم","29343000","60 days"
"640","60 يوم","29349900","60 days"
"641","60 يوم","29351000","60 days"
"642","60 يوم","29352000","60 days"
"643","60 يوم","29355000","60 days"
"644","60 يوم","29359000","60 days"
"645","60 يوم","29362100","60 days"
"646","60 يوم","29362200","60 days"
"647","60 يوم","29362300","60 days"
"648","60 يوم","29362400","60 days"
"649","60 يوم","29362500","60 days"
"650","60 يوم","29362600","60 days"
"651","60 يوم","29362700","60 days"
"652","60 يوم","29362800","60 days"
"653","60 يوم","29362900","60 days"
"654","60 يوم","29369000","60 days"
"655","60 يوم","29371200","60 days"
"656","60 يوم","29371900","60 days"
"657","60 يوم","29372100","60 days"
"658","60 يوم","29372200","60 days"
"659","60 يوم","29372300","60 days"
"660","60 يوم","29372900","60 days"
"661","60 يوم","29375000","60 days"
"662","60 يوم","29379000","60 days"
"663","60 يوم","29381000","60 days"
"664","60 يوم","29389000","60 days"
"665","60 يوم","29391100","60 days"
"666","60 يوم","29391900","60 days"
"667","60 يوم","29393000","60 days"
"668","60 يوم","29394100","60 days"
"669","60 يوم","29394200","60 days"
"670","60 يوم","29394900","60 days"
"671","60 يوم","29395100","60 days"
"672","60 يوم","29395900","60 days"
"673","60 يوم","29396200","60 days"
"674","60 يوم","32081000","60 days"
"675","60 يوم","32089000","60 days"
"676","60 يوم","32149000","60 days"
"677","60 يوم","38140000","60 days"
"678","60 يوم","29396900","60 days"
"679","60 يوم","29397900","60 days"
"680","60 يوم","29398000","60 days"
"681","60 يوم","29400000","60 days"
"682","60 يوم","29411000","60 days"
"683","60 يوم","29412000","60 days"
"684","60 يوم","29413000","60 days"
"685","60 يوم","29414000","60 days"
"686","60 يوم","29415000","60 days"
"687","60 يوم","29419000","60 days"
"688","60 يوم","29420000","60 days"
"689","60 يوم","29091900","60 days"
"690","90 يوم","25232100","90 days"
"691","90 يوم","40111000","90 days"
"692","90 يوم","40112000","90 days"
"693","90 يوم","40113000","90 days"
"694","90 يوم","40114000","90 days"
"695","90 يوم","40115000","90 days"
"696","90 يوم","40117000","90 days"
"697","90 يوم","40118000","90 days"
"698","90 يوم","40119000","90 days"
"699","90 يوم","40121100","90 days"
"700","90 يوم","40121300","90 days"
"701","90 يوم","40131000","90 days"
"702","90 يوم","40132000","90 days"
"703","90 يوم","40139000","90 days"
"704","90 يوم","51111100","90 days"
"705","90 يوم","51111900","90 days"
"706","90 يوم","51112000","90 days"
"707","90 يوم","51119000","90 days"
"708","90 يوم","51121100","90 days"
"709","90 يوم","51121900","90 days"
"710","90 يوم","51122000","90 days"
"711","90 يوم","51123000","90 days"
"712","90 يوم","51129000","90 days"
"713","90 يوم","51130000","90 days"
"714","90 يوم","52081100","90 days"
"715","90 يوم","52081300","90 days"
"716","90 يوم","52081900","90 days"
"717","90 يوم","52082100","90 days"
"718","90 يوم","52082300","90 days"
"719","90 يوم","52082900","90 days"
"720","90 يوم","52083100","90 days"
"721","90 يوم","52083200","90 days"
"722","90 يوم","52083900","90 days"
"723","90 يوم","52084200","90 days"
"724","90 يوم","52084900","90 days"
"725","90 يوم","52085100","90 days"
"726","90 يوم","52085200","90 days"
"727","90 يوم","52085900","90 days"
"728","90 يوم","52091100","90 days"
"729","90 يوم","52091900","90 days"
"730","90 يوم","52092100","90 days"
"731","90 يوم","52092200","90 days"
"732","90 يوم","52092900","90 days"
"733","90 يوم","52093100","90 days"
"734","90 يوم","52093200","90 days"
"735","90 يوم","52093900","90 days"
"736","90 يوم","52094200","90 days"
"737","90 يوم","52094300","90 days"
"738","90 يوم","52094900","90 days"
"739","90 يوم","52095900","90 days"
"740","90 يوم","52101100","90 days"
"741","90 يوم","52101900","90 days"
"742","90 يوم","52102900","90 days"
"743","90 يوم","52103900","90 days"
"744","90 يوم","52104900","90 days"
"745","90 يوم","52105900","90 days"
"746","90 يوم","52111200","90 days"
"747","90 يوم","52111900","90 days"
"748","90 يوم","52113100","90 days"
"749","90 يوم","52113900","90 days"
"750","90 يوم","52114100","90 days"
"751","90 يوم","52114200","90 days"
"752","90 يوم","52114300","90 days"
"753","90 يوم","52114900","90 days"
"754","90 يوم","52115100","90 days"
"755","90 يوم","52115200","90 days"
"756","90 يوم","52115900","90 days"
"757","90 يوم","52121100","90 days"
"758","90 يوم","52121200","90 days"
"759","90 يوم","52121300","90 days"
"760","90 يوم","52121400","90 days"
"761","90 يوم","52121500","90 days"
"762","90 يوم","52122300","90 days"
"763","90 يوم","52122400","90 days"
"764","90 يوم","52122500","90 days"
"765","90 يوم","53091100","90 days"
"766","90 يوم","53091900","90 days"
"767","90 يوم","53092900","90 days"
"768","90 يوم","53101000","90 days"
"769","90 يوم","53110000","90 days"
"770","90 يوم","54072000","90 days"
"771","90 يوم","54073000","90 days"
"772","90 يوم","54074200","90 days"
"773","90 يوم","54074300","90 days"
"774","90 يوم","54074400","90 days"
"775","90 يوم","54075100","90 days"
"776","90 يوم","54075200","90 days"
"777","90 يوم","54075300","90 days"
"778","90 يوم","54075400","90 days"
"779","90 يوم","54076100","90 days"
"780","90 يوم","54076900","90 days"
"781","90 يوم","54077100","90 days"
"782","90 يوم","54077200","90 days"
"783","90 يوم","54077300","90 days"
"784","90 يوم","54077400","90 days"
"785","90 يوم","54078100","90 days"
"786","90 يوم","54078200","90 days"
"787","90 يوم","54078300","90 days"
"788","90 يوم","54078400","90 days"
"789","90 يوم","54079100","90 days"
"790","90 يوم","54079200","90 days"
"791","90 يوم","54079300","90 days"
"792","90 يوم","54079400","90 days"
"793","90 يوم","54081000","90 days"
"794","90 يوم","54082200","90 days"
"795","90 يوم","54082300","90 days"
"796","90 يوم","54083200","90 days"
"797","90 يوم","54083300","90 days"
"798","90 يوم","55032000","90 days"
"799","90 يوم","55049000","90 days"
"800","90 يوم","55121100","90 days"
"801","90 يوم","55121900","90 days"
"802","90 يوم","55129900","90 days"
"803","90 يوم","55131900","90 days"
"804","90 يوم","55132100","90 days"
"805","90 يوم","55132300","90 days"
"806","90 يوم","55132900","90 days"
"807","90 يوم","55133900","90 days"
"808","90 يوم","55134100","90 days"
"809","90 يوم","55134900","90 days"
"810","90 يوم","55141100","90 days"
"811","90 يوم","55141200","90 days"
"812","90 يوم","55141900","90 days"
"813","90 يوم","55142300","90 days"
"814","90 يوم","55142900","90 days"
"815","90 يوم","55144100","90 days"
"816","90 يوم","55144900","90 days"
"817","90 يوم","55151100","90 days"
"818","90 يوم","55151200","90 days"
"819","90 يوم","55151300","90 days"
"820","90 يوم","55151900","90 days"
"821","90 يوم","55152100","90 days"
"822","90 يوم","55152900","90 days"
"823","90 يوم","55159100","90 days"
"824","90 يوم","55159900","90 days"
"825","90 يوم","55161100","90 days"
"826","90 يوم","55161200","90 days"
"827","90 يوم","55161300","90 days"
"828","90 يوم","55161400","90 days"
"829","90 يوم","55162100","90 days"
"830","90 يوم","55162200","90 days"
"831","90 يوم","55162400","90 days"
"832","90 يوم","55164400","90 days"
"833","90 يوم","55169200","90 days"
"834","90 يوم","56012200","90 days"
"835","90 يوم","56021000","90 days"
"836","90 يوم","56031100","90 days"
"837","90 يوم","56031200","90 days"
"838","90 يوم","56031300","90 days"
"839","90 يوم","56031400","90 days"
"840","90 يوم","56039100","90 days"
"841","90 يوم","56039200","90 days"
"842","90 يوم","56039300","90 days"
"843","90 يوم","56039400","90 days"
"844","90 يوم","58011000","90 days"
"845","90 يوم","58012100","90 days"
"846","90 يوم","58012200","90 days"
"847","90 يوم","58013200","90 days"
"848","90 يوم","58019000","90 days"
"849","90 يوم","58021000","90 days"
"850","90 يوم","58022000","90 days"
"851","90 يوم","58041000","90 days"
"852","90 يوم","58042100","90 days"
"853","90 يوم","58042900","90 days"
"854","90 يوم","58043000","90 days"
"855","90 يوم","58061000","90 days"
"856","90 يوم","58062000","90 days"
"857","90 يوم","58063900","90 days"
"858","90 يوم","58064000","90 days"
"859","90 يوم","58090000","90 days"
"860","90 يوم","58109100","90 days"
"861","90 يوم","58109200","90 days"
"862","90 يوم","58110000","90 days"
"863","90 يوم","59011000","90 days"
"864","90 يوم","59019000","90 days"
"865","90 يوم","59031000","90 days"
"866","90 يوم","59032000","90 days"
"867","90 يوم","59039000","90 days"
"868","90 يوم","59069100","90 days"
"869","90 يوم","59069900","90 days"
"870","90 يوم","59070000","90 days"
"871","90 يوم","59111000","90 days"
"872","90 يوم","59112000","90 days"
"873","90 يوم","59113100","90 days"
"874","90 يوم","59113200","90 days"
"875","90 يوم","59114000","90 days"
"876","90 يوم","59119000","90 days"
"877","90 يوم","60011000","90 days"
"878","90 يوم","60012100","90 days"
"879","90 يوم","60012200","90 days"
"880","90 يوم","60012900","90 days"
"881","90 يوم","60019100","90 days"
"882","90 يوم","60019200","90 days"
"883","90 يوم","60019900","90 days"
"884","90 يوم","60024000","90 days"
"885","90 يوم","60029000","90 days"
"886","90 يوم","60033000","90 days"
"887","90 يوم","60041000","90 days"
"888","90 يوم","60049000","90 days"
"889","90 يوم","60052100","90 days"
"890","90 يوم","60052200","90 days"
"891","90 يوم","60052300","90 days"
"892","90 يوم","60052400","90 days"
"893","90 يوم","60053900","90 days"
"894","90 يوم","60054100","90 days"
"895","90 يوم","60054200","90 days"
"896","90 يوم","60054400","90 days"
"897","90 يوم","60059000","90 days"
"898","90 يوم","60061000","90 days"
"899","90 يوم","60062100","90 days"
"900","90 يوم","60062200","90 days"
"901","90 يوم","60062300","90 days"
"902","90 يوم","60062400","90 days"
"903","90 يوم","60063100","90 days"
"904","90 يوم","60063200","90 days"
"905","90 يوم","60063300","90 days"
"906","90 يوم","60063400","90 days"
"907","90 يوم","60064200","90 days"
"908","90 يوم","60064300","90 days"
"909","90 يوم","60064400","90 days"
"910","90 يوم","60069000","90 days"
"911","90 يوم","85061000","90 days"
"912","90 يوم","85064000","90 days"
"913","90 يوم","85065000","90 days"
"914","90 يوم","85068010","90 days"
"915","90 يوم","85068090","90 days"
"916","90 يوم","85071090","90 days"
"917","90 يوم","85072090","90 days"
"918","90 يوم","85073090","90 days"
"919","90 يوم","85074000","90 days"
"920","90 يوم","85076000","90 days"
"921","90 يوم","85078000","90 days"
"922","90 يوم","85079000","90 days"
"923","90 يوم","39262010","90 days"
"924","90 يوم","39269060","90 days"
"925","90 يوم","40051000","90 days"
"926","90 يوم","40070000","90 days"
"927","90 يوم","48221000","90 days"
"928","90 يوم","50060000","90 days"
"929","90 يوم","51062000","90 days"
"930","90 يوم","51072000","90 days"
"931","90 يوم","51081000","90 days"
"932","90 يوم","51082000","90 days"
"933","90 يوم","51091000","90 days"
"934","90 يوم","51099000","90 days"
"935","90 يوم","51100000","90 days"
"936","90 يوم","52030000","90 days"
"937","90 يوم","52010000","90 days"
"938","90 يوم","52041100","90 days"
"939","90 يوم","52041900","90 days"
"940","90 يوم","52042000","90 days"
"941","90 يوم","52071000","90 days"
"942","90 يوم","52079000","90 days"
"943","90 يوم","53012900","90 days"
"944","90 يوم","53021000","90 days"
"945","90 يوم","53031000","90 days"
"946","90 يوم","53050000","90 days"
"947","90 يوم","53062000","90 days"
"948","90 يوم","53071000","90 days"
"949","90 يوم","53072000","90 days"
"950","90 يوم","53089000","90 days"
"951","90 يوم","54011000","90 days"
"952","90 يوم","54012000","90 days"
"953","90 يوم","54021100","90 days"
"954","90 يوم","54021900","90 days"
"955","90 يوم","54022000","90 days"
"956","90 يوم","54023100","90 days"
"957","90 يوم","54023200","90 days"
"958","90 يوم","54023300","90 days"
"959","90 يوم","54023400","90 days"
"960","90 يوم","54023900","90 days"
"961","90 يوم","54024400","90 days"
"962","90 يوم","54024500","90 days"
"963","90 يوم","54024600","90 days"
"964","90 يوم","54024700","90 days"
"965","90 يوم","54024800","90 days"
"966","90 يوم","54024900","90 days"
"967","90 يوم","54025100","90 days"
"968","90 يوم","54025200","90 days"
"969","90 يوم","54025300","90 days"
"970","90 يوم","54025900","90 days"
"971","90 يوم","54026100","90 days"
"972","90 يوم","54026200","90 days"
"973","90 يوم","54026300","90 days"
"974","90 يوم","54026900","90 days"
"975","90 يوم","54031000","90 days"
"976","90 يوم","54033100","90 days"
"977","90 يوم","54033200","90 days"
"978","90 يوم","54033900","90 days"
"979","90 يوم","54034100","90 days"
"980","90 يوم","54034900","90 days"
"981","90 يوم","54041100","90 days"
"982","90 يوم","54041200","90 days"
"983","90 يوم","54041900","90 days"
"984","90 يوم","54049000","90 days"
"985","90 يوم","54050000","90 days"
"986","90 يوم","54060000","90 days"
"987","90 يوم","55011100","90 days"
"988","90 يوم","55011900","90 days"
"989","90 يوم","55013000","90 days"
"990","90 يوم","55021000","90 days"
"991","90 يوم","55031100","90 days"
"992","90 يوم","55034000","90 days"
"993","90 يوم","55039000","90 days"
"994","90 يوم","55063000","90 days"
"995","90 يوم","55081000","90 days"
"996","90 يوم","55082000","90 days"
"997","90 يوم","55092100","90 days"
"998","90 يوم","55092200","90 days"
"999","90 يوم","55093100","90 days"
"1000","90 يوم","55093200","90 days"
"1001","90 يوم","55094100","90 days"
"1002","90 يوم","55094200","90 days"
"1003","90 يوم","55095100","90 days"
"1004","90 يوم","55095200","90 days"
"1005","90 يوم","55095300","90 days"
"1006","90 يوم","55095900","90 days"
"1007","90 يوم","55096100","90 days"
"1008","90 يوم","55096900","90 days"
"1009","90 يوم","55099900","90 days"
"1010","90 يوم","55101100","90 days"
"1011","90 يوم","55101200","90 days"
"1012","90 يوم","55102000","90 days"
"1013","90 يوم","55103000","90 days"
"1014","90 يوم","55109000","90 days"
"1015","90 يوم","55111000","90 days"
"1016","90 يوم","55113000","90 days"
"1017","90 يوم","56012100","90 days"
"1018","90 يوم","56012900","90 days"
"1019","90 يوم","56041000","90 days"
"1020","90 يوم","56049000","90 days"
"1021","90 يوم","56050000","90 days"
"1022","90 يوم","56060000","90 days"
"1023","90 يوم","56072100","90 days"
"1024","90 يوم","56072900","90 days"
"1025","90 يوم","56074100","90 days"
"1026","90 يوم","56075000","90 days"
"1027","90 يوم","56079000","90 days"
"1028","90 يوم","56090000","90 days"
"1029","90 يوم","58063100","90 days"
"1030","90 يوم","58063200","90 days"
"1031","90 يوم","58071000","90 days"
"1032","90 يوم","58079000","90 days"
"1033","90 يوم","58081000","90 days"
"1034","90 يوم","58089000","90 days"
"1035","90 يوم","58101000","90 days"
"1036","90 يوم","58109900","90 days"
"1037","90 يوم","59022000","90 days"
"1038","90 يوم","59061000","90 days"
"1039","90 يوم","70021000","90 days"
"1040","90 يوم","70181000","90 days"
"1041","90 يوم","70182000","90 days"
"1042","90 يوم","70189000","90 days"
"1043","90 يوم","73194000","90 days"
"1044","90 يوم","83089000","90 days"
"1045","90 يوم","96061000","90 days"
"1046","90 يوم","96062100","90 days"
"1047","90 يوم","96062200","90 days"
"1048","90 يوم","96062900","90 days"
"1049","90 يوم","96063000","90 days"
"1050","90 يوم","96071100","90 days"
"1051","90 يوم","40021100","90 days"
"1052","90 يوم","52051100","90 days"
"1053","90 يوم","52051200","90 days"
"1054","90 يوم","52051300","90 days"
"1055","90 يوم","52051500","90 days"
"1056","90 يوم","52052100","90 days"
"1057","90 يوم","52052200","90 days"
"1058","90 يوم","52052300","90 days"
"1059","90 يوم","52052400","90 days"
"1060","90 يوم","52052600","90 days"
"1061","90 يوم","52053100","90 days"
"1062","90 يوم","52053200","90 days"
"1063","90 يوم","52053300","90 days"
"1064","90 يوم","52054100","90 days"
"1065","90 يوم","52054200","90 days"
"1066","90 يوم","52054400","90 days"
"1067","90 يوم","52054600","90 days"
"1068","90 يوم","52054700","90 days"
"1069","90 يوم","52054800","90 days"
"1070","90 يوم","52061400","90 days"
"1071","90 يوم","52062200","90 days"
"1072","90 يوم","52062400","90 days"
"1073","90 يوم","52064400","90 days"
"1074","90 يوم","96071900","90 days"
"1075","90 يوم","96072000","90 days"
"1076","90 يوم","84713000","90 days"
"1077","90 يوم","84714100","90 days"
"1078","90 يوم","84714900","90 days"
"1079","90 يوم","84715000","90 days"
"1080","90 يوم","84716000","90 days"
"1081","90 يوم","84717000","90 days"
"1082","90 يوم","84718000","90 days"
"1083","90 يوم","84719000","90 days"
"1084","90 يوم","85234900","90 days"
"1085","90 يوم","85235100","90 days"
"1086","90 يوم","85238000","90 days"
"1087","90 يوم","85256000","90 days"
"1088","90 يوم","85284900","90 days"
"1089","90 يوم","85285210","90 days"
"1090","90 يوم","85285900","90 days"
"1091","90 يوم","85286200","90 days"
"1092","90 يوم","85286900","90 days"
"1093","90 يوم","85287100","90 days"
"1094","90 يوم","85423100","90 days"
"1095","90 يوم","85423200","90 days"
"1096","90 يوم","90085000","90 days"
"1097","90 يوم","48010000","90 days"
"1098","90 يوم","48021000","90 days"
"1099","90 يوم","48022000","90 days"
"1100","90 يوم","48024000","90 days"
"1101","90 يوم","48025400","90 days"
"1102","90 يوم","48025500","90 days"
"1103","90 يوم","48025600","90 days"
"1104","90 يوم","48025700","90 days"
"1105","90 يوم","48025800","90 days"
"1106","90 يوم","48026100","90 days"
"1107","90 يوم","48026200","90 days"
"1108","90 يوم","48026900","90 days"
"1109","90 يوم","48030000","90 days"
"1110","90 يوم","48041100","90 days"
"1111","90 يوم","48041900","90 days"
"1112","90 يوم","48042100","90 days"
"1113","90 يوم","48042900","90 days"
"1114","90 يوم","48043100","90 days"
"1115","90 يوم","48043900","90 days"
"1116","90 يوم","48044100","90 days"
"1117","90 يوم","48044900","90 days"
"1118","90 يوم","48045100","90 days"
"1119","90 يوم","48045200","90 days"
"1120","90 يوم","48045900","90 days"
"1121","90 يوم","48051100","90 days"
"1122","90 يوم","48051200","90 days"
"1123","90 يوم","48051900","90 days"
"1124","90 يوم","48052400","90 days"
"1125","90 يوم","48052500","90 days"
"1126","90 يوم","48053000","90 days"
"1127","90 يوم","48054000","90 days"
"1128","90 يوم","48055000","90 days"
"1129","90 يوم","48059100","90 days"
"1130","90 يوم","48059200","90 days"
"1131","90 يوم","48059300","90 days"
"1132","90 يوم","48061000","90 days"
"1133","90 يوم","48062000","90 days"
"1134","90 يوم","48063000","90 days"
"1135","90 يوم","48064000","90 days"
"1136","90 يوم","48070000","90 days"
"1137","90 يوم","48081000","90 days"
"1138","90 يوم","48084000","90 days"
"1139","90 يوم","48089000","90 days"
"1140","90 يوم","48092000","90 days"
"1141","90 يوم","48099000","90 days"
"1142","90 يوم","48101300","90 days"
"1143","90 يوم","48101400","90 days"
"1144","90 يوم","48101900","90 days"
"1145","90 يوم","48102200","90 days"
"1146","90 يوم","48102900","90 days"
"1147","90 يوم","48103100","90 days"
"1148","90 يوم","48103900","90 days"
"1149","90 يوم","48109200","90 days"
"1150","90 يوم","48109900","90 days"
"1151","90 يوم","48111000","90 days"
"1152","90 يوم","48114100","90 days"
"1153","90 يوم","48114900","90 days"
"1154","90 يوم","48115100","90 days"
"1155","90 يوم","48115900","90 days"
"1156","90 يوم","48116000","90 days"
"1157","90 يوم","48119000","90 days"
"1158","90 يوم","48120000","90 days"
"1159","90 يوم","48162000","90 days"
"1160","90 يوم","48169000","90 days"
"1161","90 يوم","48232000","90 days"
"1162","90 يوم","48234000","90 days"
"1163","90 يوم","48239010","90 days"
"1164","90 يوم","48239090","90 days"
"1165","90 يوم","85044000","90 days"
"1166","90 يوم","32151100","90 days"
"1167","90 يوم","32151900","90 days"
"1168","90 يوم","32159000","90 days"
"1169","90 يوم","39269092","90 days"
"1170","90 يوم","70200030","90 days"
"1171","90 يوم","72193400","90 days"
"1172","90 يوم","73090000","90 days"
"1173","90 يوم","84191200","90 days"
"1174","90 يوم","84193400","90 days"
"1175","90 يوم","84199010","90 days"
"1176","90 يوم","85161010","90 days"
"1177","90 يوم","85411000","90 days"
"1178","90 يوم","85414100","90 days"
"1179","90 يوم","85414200","90 days"
"1180","90 يوم","85414300","90 days"
"1181","90 يوم","85414900","90 days"
"1182","90 يوم","85415100","90 days"
"1183","90 يوم","85415900","90 days"
"1184","90 يوم","09011100","90 days"
"1185","90 يوم","09011200","90 days"
"1186","90 يوم","09083100","90 days"
"1187","90 يوم","39011000","90 days"
"1188","90 يوم","39012000","90 days"
"1189","90 يوم","39013000","90 days"
"1190","90 يوم","39014000","90 days"
"1191","90 يوم","39019000","90 days"
"1192","90 يوم","39021000","90 days"
"1193","90 يوم","39022000","90 days"
"1194","90 يوم","39023000","90 days"
"1195","90 يوم","39029000","90 days"
"1196","90 يوم","39031100","90 days"
"1197","90 يوم","39031900","90 days"
"1198","90 يوم","39032000","90 days"
"1199","90 يوم","39033000","90 days"
"1200","90 يوم","39039000","90 days"
"1201","90 يوم","39041000","90 days"
"1202","90 يوم","39042100","90 days"
"1203","90 يوم","39042200","90 days"
"1204","90 يوم","39043000","90 days"
"1205","90 يوم","39044000","90 days"
"1206","90 يوم","39049000","90 days"
"1207","90 يوم","39051900","90 days"
"1208","90 يوم","39052900","90 days"
"1209","90 يوم","39053000","90 days"
"1210","90 يوم","39059100","90 days"
"1211","90 يوم","39059900","90 days"
"1212","90 يوم","39061000","90 days"
"1213","90 يوم","39069000","90 days"
"1214","90 يوم","39071000","90 days"
"1215","90 يوم","39072100","90 days"
"1216","90 يوم","39072900","90 days"
"1217","90 يوم","39073000","90 days"
"1218","90 يوم","39074000","90 days"
"1219","90 يوم","39075000","90 days"
"1220","90 يوم","39076100","90 days"
"1221","90 يوم","39076900","90 days"
"1222","90 يوم","39077000","90 days"
"1223","90 يوم","39079100","90 days"
"1224","90 يوم","39079900","90 days"
"1225","90 يوم","39081000","90 days"
"1226","90 يوم","39089000","90 days"
"1227","90 يوم","39091000","90 days"
"1228","90 يوم","39092000","90 days"
"1229","90 يوم","39093100","90 days"
"1230","90 يوم","39093900","90 days"
"1231","90 يوم","39094000","90 days"
"1232","90 يوم","39095000","90 days"
"1233","90 يوم","39100000","90 days"
"1234","90 يوم","39111000","90 days"
"1235","90 يوم","39119000","90 days"
"1236","90 يوم","39121100","90 days"
"1237","90 يوم","39121200","90 days"
"1238","90 يوم","39122000","90 days"
"1239","90 يوم","39123100","90 days"
"1240","90 يوم","39123900","90 days"
"1241","90 يوم","39129000","90 days"
"1242","90 يوم","39131000","90 days"
"1243","90 يوم","39139000","90 days"
"1244","90 يوم","39140000","90 days"
"1245","90 يوم","76041000","90 days"
"1246","90 يوم","76042100","90 days"
"1247","90 يوم","76042900","90 days"
"1248","90 يوم","76051100","90 days"
"1249","90 يوم","76052100","90 days"
"1250","90 يوم","76052900","90 days"
"1251","90 يوم","76061100","90 days"
"1252","90 يوم","76069100","90 days"
"1253","90 يوم","76011000","90 days"
"1254","90 يوم","76012000","90 days"
"1255","90 يوم","76031000","90 days"
"1256","90 يوم","76032000","90 days"
"1257","90 يوم","76069200","90 days"
"1258","90 يوم","84425000","90 days"
"1259","90 يوم","84431100","90 days"
"1260","90 يوم","84431200","90 days"
"1261","90 يوم","84431300","90 days"
"1262","90 يوم","84431400","90 days"
"1263","90 يوم","84431600","90 days"
"1264","90 يوم","84431700","90 days"
"1265","90 يوم","84431900","90 days"
"1266","90 يوم","84433100","90 days"
"1267","90 يوم","84433210","90 days"
"1268","90 يوم","84433220","90 days"
"1269","90 يوم","84433230","90 days"
"1270","90 يوم","84433900","90 days"
"1271","90 يوم","84721000","90 days"
"1272","90 يوم","90061000","90 days"
"1273","90 يوم","90064000","90 days"
"1274","90 يوم","96121000","90 days"
"1275","90 يوم","39169000","90 days"
"1276","90 يوم","68141000","90 days"
"1277","90 يوم","70023100","90 days"
"1278","90 يوم","70023200","90 days"
"1279","90 يوم","70023900","90 days"
"1280","90 يوم","72259100","90 days"
"1281","90 يوم","74031100","90 days"
"1282","90 يوم","74081900","90 days"
"1283","90 يوم","74082900","90 days"
"1284","90 يوم","74092900","90 days"
"1285","90 يوم","74111000","90 days"
"1286","90 يوم","74112200","90 days"
"1287","90 يوم","74112900","90 days"
"1288","90 يوم","83111000","90 days"
"1289","90 يوم","83112000","90 days"
"1290","90 يوم","83113000","90 days"
"1291","90 يوم","83119000","90 days"
"1292","90 يوم","85321000","90 days"
"1293","90 يوم","85322100","90 days"
"1294","90 يوم","85322200","90 days"
"1295","90 يوم","85322400","90 days"
"1296","90 يوم","85322500","90 days"
"1297","90 يوم","85322900","90 days"
"1298","90 يوم","85323000","90 days"
"1299","90 يوم","85329000","90 days"
"1300","90 يوم","85332900","90 days"
"1301","90 يوم","85333100","90 days"
"1302","90 يوم","85333900","90 days"
"1303","90 يوم","85334000","90 days"
"1304","90 يوم","85339000","90 days"
"1305","90 يوم","85340000","90 days"
"1306","90 يوم","85351000","90 days"
"1307","90 يوم","85352100","90 days"
"1308","90 يوم","85352900","90 days"
"1309","90 يوم","85353000","90 days"
"1310","90 يوم","85354000","90 days"
"1311","90 يوم","85359000","90 days"
"1312","90 يوم","85361000","90 days"
"1313","90 يوم","85362000","90 days"
"1314","90 يوم","85363000","90 days"
"1315","90 يوم","85364100","90 days"
"1316","90 يوم","85364900","90 days"
"1317","90 يوم","85366900","90 days"
"1318","90 يوم","85367000","90 days"
"1319","90 يوم","85369000","90 days"
"1320","90 يوم","85372000","90 days"
"1321","90 يوم","85399000","90 days"
"1322","90 يوم","85412100","90 days"
"1323","90 يوم","85412900","90 days"
"1324","90 يوم","85413000","90 days"
"1325","90 يوم","85416000","90 days"
"1326","90 يوم","85423900","90 days"
"1327","90 يوم","85431000","90 days"
"1328","90 يوم","85432000","90 days"
"1329","90 يوم","85437000","90 days"
"1330","90 يوم","85442000","90 days"
"1331","90 يوم","85444200","90 days"
"1332","90 يوم","85444900","90 days"
"1333","90 يوم","85446000","90 days"
"1334","90 يوم","85459000","90 days"
"1335","90 يوم","85461000","90 days"
"1336","90 يوم","85462000","90 days"
"1337","90 يوم","85463000","90 days"
"1338","90 يوم","85471000","90 days"
"1339","90 يوم","85472000","90 days"
"1340","90 يوم","85479000","90 days"
"1341","90 يوم","90283000","90 days"
"1342","90 يوم","90301000","90 days"
"1343","90 يوم","90303100","90 days"
"1344","90 يوم","90303200","90 days"
"1345","90 يوم","90303300","90 days"
"1346","90 يوم","90303900","90 days"
"1347","90 يوم","90304000","90 days"
"1348","90 يوم","90308400","90 days"
"1349","90 يوم","90308900","90 days"
"1350","90 يوم","90309000","90 days"
"1351","90 يوم","90321000","90 days"
"1352","90 يوم","05080000","90 days"
"1353","90 يوم","39263000","90 days"
"1354","90 يوم","39269091","90 days"
"1355","90 يوم","44170000","90 days"
"1356","90 يوم","63072000","90 days"
"1357","90 يوم","65061000","90 days"
"1358","90 يوم","68042300","90 days"
"1359","90 يوم","68043000","90 days"
"1360","90 يوم","68051000","90 days"
"1361","90 يوم","68052000","90 days"
"1362","90 يوم","68053000","90 days"
"1363","90 يوم","73170000","90 days"
"1364","90 يوم","73181100","90 days"
"1365","90 يوم","73181200","90 days"
"1366","90 يوم","73181400","90 days"
"1367","90 يوم","73181500","90 days"
"1368","90 يوم","73181600","90 days"
"1369","90 يوم","73181900","90 days"
"1370","90 يوم","73182300","90 days"
"1371","90 يوم","73182400","90 days"
"1372","90 يوم","73182900","90 days"
"1373","90 يوم","74153300","90 days"
"1374","90 يوم","76161000","90 days"
"1375","90 يوم","80030000","90 days"
"1376","90 يوم","82011000","90 days"
"1377","90 يوم","82013000","90 days"
"1378","90 يوم","82014000","90 days"
"1379","90 يوم","82015000","90 days"
"1380","90 يوم","82016000","90 days"
"1381","90 يوم","82019000","90 days"
"1382","90 يوم","82021000","90 days"
"1383","90 يوم","82022000","90 days"
"1384","90 يوم","82023100","90 days"
"1385","90 يوم","82023900","90 days"
"1386","90 يوم","82024000","90 days"
"1387","90 يوم","82029100","90 days"
"1388","90 يوم","82029900","90 days"
"1389","90 يوم","82031000","90 days"
"1390","90 يوم","82032000","90 days"
"1391","90 يوم","82033000","90 days"
"1392","90 يوم","82034000","90 days"
"1393","90 يوم","82041100","90 days"
"1394","90 يوم","82041200","90 days"
"1395","90 يوم","82042000","90 days"
"1396","90 يوم","82051000","90 days"
"1397","90 يوم","82052000","90 days"
"1398","90 يوم","82053000","90 days"
"1399","90 يوم","82054000","90 days"
"1400","90 يوم","82055100","90 days"
"1401","90 يوم","82055900","90 days"
"1402","90 يوم","82057000","90 days"
"1403","90 يوم","82058000","90 days"
"1404","90 يوم","82059000","90 days"
"1405","90 يوم","82060000","90 days"
"1406","90 يوم","82071300","90 days"
"1407","90 يوم","82071900","90 days"
"1408","90 يوم","82072000","90 days"
"1409","90 يوم","82073000","90 days"
"1410","90 يوم","82074000","90 days"
"1411","90 يوم","82075000","90 days"
"1412","90 يوم","82076000","90 days"
"1413","90 يوم","82077000","90 days"
"1414","90 يوم","82078000","90 days"
"1415","90 يوم","82079000","90 days"
"1416","90 يوم","82119310","90 days"
"1417","90 يوم","83022000","90 days"
"1418","90 يوم","83026000","90 days"
"1419","90 يوم","84254100","90 days"
"1420","90 يوم","84671100","90 days"
"1421","90 يوم","84671900","90 days"
"1422","90 يوم","84672100","90 days"
"1423","90 يوم","84672200","90 days"
"1424","90 يوم","84672900","90 days"
"1425","90 يوم","84678900","90 days"
"1426","90 يوم","84679100","90 days"
"1427","90 يوم","84679200","90 days"
"1428","90 يوم","84679900","90 days"
"1429","90 يوم","84681000","90 days"
"1430","90 يوم","84862000","90 days"
"1431","90 يوم","90151000","90 days"
"1432","90 يوم","90152000","90 days"
"1433","90 يوم","90153000","90 days"
"1434","90 يوم","90328100","90 days"
"1435","90 يوم","94039100","90 days"
"1436","90 يوم","94039900","90 days"
"1437","90 يوم","96019000","90 days"
"1438","90 يوم","96034000","90 days"
"1439","90 يوم","12024100","90 days"
"1440","90 يوم","12024200","90 days"
"1441","90 يوم","17021900","90 days"
"1442","90 يوم","17023000","90 days"
"1443","90 يوم","17024000","90 days"
"1444","90 يوم","23040000","90 days"
"1445","90 يوم","33041000","90 days"
"1446","90 يوم","33042000","90 days"
"1447","90 يوم","22071000","90 days"
"1448","90 يوم","22072000","90 days"
"1449","90 يوم","22089000","90 days"
"1450","90 يوم","27101200","90 days"
"1451","90 يوم","27075000","90 days"
"1452","90 يوم","34031100","90 days"
"1453","90 يوم","34039100","90 days"
"1454","90 يوم","34042000","90 days"
"1455","90 يوم","34049000","90 days"
"1456","90 يوم","35069900","90 days"
"1457","90 يوم","37071000","90 days"
"1458","90 يوم","37079000","90 days"
"1459","90 يوم","40169920","90 days"
"1460","90 يوم","48189010","90 days"
"1461","90 يوم","15119020","90 days"
"1462","90 يوم","15159000","90 days"
"1463","90 يوم","15180010","90 days"
"1464","90 يوم","15200000","90 days"
"1465","90 يوم","25020000","90 days"
"1466","90 يوم","25030000","90 days"
"1467","90 يوم","25090000","90 days"
"1468","90 يوم","25111000","90 days"
"1469","90 يوم","25112000","90 days"
"1470","90 يوم","25191000","90 days"
"1471","90 يوم","25199000","90 days"
"1472","90 يوم","25262000","90 days"
"1473","90 يوم","25280000","90 days"
"1474","90 يوم","27011100","90 days"
"1475","90 يوم","27011200","90 days"
"1476","90 يوم","27011900","90 days"
"1477","90 يوم","27040000","90 days"
"1478","90 يوم","27072000","90 days"
"1479","90 يوم","27074000","90 days"
"1480","90 يوم","27079900","90 days"
"1481","90 يوم","27111200","90 days"
"1482","90 يوم","27111900","90 days"
"1483","90 يوم","27112900","90 days"
"1484","90 يوم","27121000","90 days"
"1485","90 يوم","27122000","90 days"
"1486","90 يوم","27129000","90 days"
"1487","90 يوم","27131100","90 days"
"1488","90 يوم","33011200","90 days"
"1489","90 يوم","33011900","90 days"
"1490","90 يوم","33012400","90 days"
"1491","90 يوم","33012500","90 days"
"1492","90 يوم","33012900","90 days"
"1493","90 يوم","33013000","90 days"
"1494","90 يوم","33019000","90 days"
"1495","90 يوم","34012010","90 days"
"1496","90 يوم","34023100","90 days"
"1497","90 يوم","34023900","90 days"
"1498","90 يوم","34024100","90 days"
"1499","90 يوم","34024200","90 days"
"1500","90 يوم","34024900","90 days"
"1501","90 يوم","34054000","90 days"
"1502","90 يوم","34059000","90 days"
"1503","90 يوم","34052000","90 days"
"1504","90 يوم","35019000","90 days"
"1505","90 يوم","35052000","90 days"
"1506","90 يوم","35061000","90 days"
"1507","90 يوم","35069100","90 days"
"1508","90 يوم","35079000","90 days"
"1509","90 يوم","39051200","90 days"
"1510","90 يوم","39052100","90 days"
"1511","90 يوم","40011000","90 days"
"1512","90 يوم","40012100","90 days"
"1513","90 يوم","40021910","90 days"
"1514","90 يوم","40021990","90 days"
"1515","90 يوم","40022090","90 days"
"1516","90 يوم","40023190","90 days"
"1517","90 يوم","40024910","90 days"
"1518","90 يوم","40025910","90 days"
"1519","90 يوم","40026010","90 days"
"1520","90 يوم","40027010","90 days"
"1521","90 يوم","40027090","90 days"
"1522","90 يوم","40028010","90 days"
"1523","90 يوم","40029910","90 days"
"1524","90 يوم","40029990","90 days"
"1525","90 يوم","40030010","90 days"
"1526","90 يوم","40030090","90 days"
"1527","90 يوم","40052000","90 days"
"1528","90 يوم","40170010","90 days"
"1529","90 يوم","40170020","90 days"
"1530","90 يوم","47020000","90 days"
"1531","90 يوم","47031100","90 days"
"1532","90 يوم","47031900","90 days"
"1533","90 يوم","47032100","90 days"
"1534","90 يوم","47032900","90 days"
"1535","90 يوم","47042100","90 days"
"1536","90 يوم","47062000","90 days"
"1537","90 يوم","47069100","90 days"
"1538","90 يوم","47069200","90 days"
"1539","120 يوم","44034900","120 days"
"1540","120 يوم","44071100","120 days"
"1541","120 يوم","44071900","120 days"
"1542","120 يوم","44072200","120 days"
"1543","120 يوم","44072700","120 days"
"1544","120 يوم","44072800","120 days"
"1545","120 يوم","44072900","120 days"
"1546","120 يوم","44079100","120 days"
"1547","120 يوم","44079200","120 days"
"1548","120 يوم","44079500","120 days"
"1549","120 يوم","44079900","120 days"
"1550","120 يوم","44083900","120 days"
"1551","120 يوم","44089000","120 days"
"1552","120 يوم","44101110","120 days"
"1553","120 يوم","44101120","120 days"
"1554","120 يوم","44101190","120 days"
"1555","120 يوم","44101200","120 days"
"1556","120 يوم","44109000","120 days"
"1557","120 يوم","44111200","120 days"
"1558","120 يوم","44111300","120 days"
"1559","120 يوم","44111400","120 days"
"1560","120 يوم","44119200","120 days"
"1561","120 يوم","44119300","120 days"
"1562","120 يوم","44119400","120 days"
"1563","120 يوم","44121000","120 days"
"1564","120 يوم","44123100","120 days"
"1565","120 يوم","44123300","120 days"
"1566","120 يوم","44123400","120 days"
"1567","120 يوم","44123900","120 days"
"1568","120 يوم","44124100","120 days"
"1569","120 يوم","44124200","120 days"
"1570","120 يوم","44124900","120 days"
"1571","120 يوم","44125100","120 days"
"1572","120 يوم","44125200","120 days"
"1573","120 يوم","44125900","120 days"
"1574","120 يوم","44129100","120 days"
"1575","120 يوم","44129200","120 days"
"1576","120 يوم","44129900","120 days"
"1577","120 يوم","44130000","120 days"
"1578","120 يوم","84251100","120 days"
"1579","120 يوم","84251900","120 days"
"1580","120 يوم","84253100","120 days"
"1581","120 يوم","84253900","120 days"
"1582","120 يوم","84254200","120 days"
"1583","120 يوم","84254900","120 days"
"1584","120 يوم","84261200","120 days"
"1585","120 يوم","84261900","120 days"
"1586","120 يوم","84262000","120 days"
"1587","120 يوم","84263000","120 days"
"1588","120 يوم","84269100","120 days"
"1589","120 يوم","84269900","120 days"
"1590","120 يوم","84271000","120 days"
"1591","120 يوم","84272000","120 days"
"1592","120 يوم","84279000","120 days"
"1593","120 يوم","84282000","120 days"
"1594","120 يوم","84283300","120 days"
"1595","120 يوم","87051000","120 days"
"1596","120 يوم","87019110","120 days"
"1597","120 يوم","87019210","120 days"
"1598","120 يوم","87019310","120 days"
"1599","120 يوم","87019410","120 days"
"1600","120 يوم","87019510","120 days"
"1601","120 يوم","87162000","120 days"
"1602","120 يوم","87163100","120 days"
"1603","120 يوم","87163900","120 days"
"1604","120 يوم","87164000","120 days"
"1605","120 يوم","84264100","120 days"
"1606","120 يوم","84264900","120 days"
"1607","120 يوم","84291100","120 days"
"1608","120 يوم","84291900","120 days"
"1609","120 يوم","84292000","120 days"
"1610","120 يوم","84293000","120 days"
"1611","120 يوم","84294000","120 days"
"1612","120 يوم","84295100","120 days"
"1613","120 يوم","84295200","120 days"
"1614","120 يوم","84295900","120 days"
"1615","120 يوم","84301000","120 days"
"1616","120 يوم","84302000","120 days"
"1617","120 يوم","84303100","120 days"
"1618","120 يوم","84303900","120 days"
"1619","120 يوم","84304100","120 days"
"1620","120 يوم","84304900","120 days"
"1621","120 يوم","84305000","120 days"
"1622","120 يوم","84306100","120 days"
"1623","120 يوم","84306900","120 days"
"1624","120 يوم","86090000","120 days"
"1625","120 يوم","87012100","120 days"
"1626","120 يوم","87012200","120 days"
"1627","120 يوم","87012300","120 days"
"1628","120 يوم","87012400","120 days"
"1629","120 يوم","87012900","120 days"
"1630","120 يوم","87052000","120 days"
"1631","120 يوم","87053000","120 days"
"1632","120 يوم","87054000","120 days"
"1633","120 يوم","87059000","120 days"
"1634","120 يوم","87091100","120 days"
"1635","120 يوم","87091900","120 days"
"1636","120 يوم","87168000","120 days"
"1637","120 يوم","08031000","120 days"
"1638","120 يوم","08039000","120 days"
"1639","120 يوم","73082000","120 days"
"1640","120 يوم","73143900","120 days"
"1641","120 يوم","85176110","120 days"
"1642","120 يوم","85176120","120 days"
"1644","120 يوم","85176210","120 days"
"1645","120 يوم","85176290","120 days"
"1646","120 يوم","85177100","120 days"
"1647","120 يوم","85177900","120 days"
"1649","120 يوم","85232100","120 days"
"1650","120 يوم","85232900","120 days"
"1651","120 يوم","85235200","120 days"
"1652","120 يوم","85255000","120 days"
"1653","120 يوم","85261000","120 days"
"1654","120 يوم","85269100","120 days"
"1655","120 يوم","85272190","120 days"
"1656","120 يوم","39191000","120 days"
"1657","120 يوم","39199000","120 days"
"1658","120 يوم","39206300","120 days"
"1659","120 يوم","39211100","120 days"
"1660","120 يوم","39211300","120 days"
"1661","120 يوم","39211400","120 days"
"1662","120 يوم","39211900","120 days"
"1663","120 يوم","39219000","120 days"
"1664","120 يوم","39231000","120 days"
"1665","120 يوم","39232100","120 days"
"1666","120 يوم","39233090","120 days"
"1667","120 يوم","48191000","120 days"
"1668","120 يوم","48192000","120 days"
"1669","120 يوم","48193000","120 days"
"1670","120 يوم","48194000","120 days"
"1671","120 يوم","73101000","120 days"
"1672","120 يوم","73102100","120 days"
"1673","120 يوم","73102900","120 days"
"1674","120 يوم","76071100","120 days"
"1675","120 يوم","76071900","120 days"
"1676","120 يوم","76072000","120 days"
"1677","120 يوم","76110000","120 days"
"1678","120 يوم","76121000","120 days"
"1679","120 يوم","76129000","120 days"
"1680","120 يوم","76130000","120 days"
"1681","120 يوم","76169910","120 days"
"1682","120 يوم","80070010","120 days"
"1683","120 يوم","21011100","120 days"
"1684","120 يوم","21011200","120 days"
"1685","120 يوم","18031000","120 days"
"1686","120 يوم","18032000","120 days"
"1687","120 يوم","18040000","120 days"
"1688","120 يوم","18050000","120 days"
"1689","120 يوم","27101910","120 days"
"1690","120 يوم","27101990","120 days"
"1691","120 يوم","27102000","120 days"
"1692","120 يوم","34031900","120 days"
"1693","120 يوم","34039900","120 days"
"1694","120 يوم","38111100","120 days"
"1695","120 يوم","38111900","120 days"
"1696","120 يوم","38112100","120 days"
"1697","120 يوم","38190000","120 days"
"1698","120 يوم","38200000","120 days"
"1699","120 يوم","87022090","120 days"
"1700","120 يوم","87023090","120 days"
"1701","120 يوم","87024090","120 days"
"1702","120 يوم","87041000","120 days"
"1703","120 يوم","87042110","120 days"
"1704","120 يوم","87042190","120 days"
"1705","120 يوم","87042290","120 days"
"1706","120 يوم","87042390","120 days"
"1707","120 يوم","37013000","120 days"
"1708","120 يوم","37019900","120 days"
"1709","120 يوم","37029800","120 days"
"1710","120 يوم","37031000","120 days"
"1711","120 يوم","40091100","120 days"
"1712","120 يوم","40092100","120 days"
"1713","120 يوم","40094100","120 days"
"1714","120 يوم","39269099","120 days"
"1715","120 يوم","37032000","120 days"
"1716","120 يوم","37039000","120 days"
"1717","120 يوم","39269010","120 days"
"1718","120 يوم","39269020","120 days"
"1719","120 يوم","39269030","120 days"
"1720","120 يوم","39269040","120 days"
"1721","120 يوم","40069000","120 days"
"1722","120 يوم","40082100","120 days"
"1723","120 يوم","40082900","120 days"
"1724","120 يوم","40091200","120 days"
"1725","120 يوم","40093200","120 days"
"1726","120 يوم","40094200","120 days"
"1727","120 يوم","40101100","120 days"
"1728","120 يوم","40101200","120 days"
"1729","120 يوم","40101900","120 days"
"1730","120 يوم","40103100","120 days"
"1731","120 يوم","40103200","120 days"
"1732","120 يوم","40103300","120 days"
"1733","120 يوم","40103600","120 days"
"1734","120 يوم","40103900","120 days"
"1735","120 يوم","40169100","120 days"
"1736","120 يوم","40169300","120 days"
"1737","120 يوم","40169910","120 days"
"1738","120 يوم","59090000","120 days"
"1739","120 يوم","59100000","120 days"
"1740","120 يوم","68132000","120 days"
"1741","120 يوم","68138100","120 days"
"1742","120 يوم","68138900","120 days"
"1743","120 يوم","69031000","120 days"
"1744","120 يوم","69032000","120 days"
"1745","120 يوم","69039000","120 days"
"1746","120 يوم","69149010","120 days"
"1747","120 يوم","70091010","120 days"
"1748","120 يوم","70091090","120 days"
"1749","120 يوم","72031000","120 days"
"1750","120 يوم","72151000","120 days"
"1751","120 يوم","72286000","120 days"
"1752","120 يوم","73021000","120 days"
"1753","120 يوم","73029000","120 days"
"1754","120 يوم","73081000","120 days"
"1755","120 يوم","73152000","120 days"
"1756","120 يوم","73158100","120 days"
"1757","120 يوم","73159000","120 days"
"1758","120 يوم","73182200","120 days"
"1759","120 يوم","73199000","120 days"
"1760","120 يوم","73201000","120 days"
"1761","120 يوم","73202000","120 days"
"1762","120 يوم","73209000","120 days"
"1763","120 يوم","73219000","120 days"
"1764","120 يوم","73259100","120 days"
"1765","120 يوم","73261100","120 days"
"1766","120 يوم","73269000","120 days"
"1767","120 يوم","74094000","120 days"
"1768","120 يوم","74122000","120 days"
"1769","120 يوم","74153900","120 days"
"1770","120 يوم","74198940","120 days"
"1771","120 يوم","82081000","120 days"
"1772","120 يوم","82082000","120 days"
"1773","120 يوم","82083000","120 days"
"1774","120 يوم","82084000","120 days"
"1775","120 يوم","82089000","120 days"
"1776","120 يوم","82119390","120 days"
"1777","120 يوم","82119400","120 days"
"1778","120 يوم","82119500","120 days"
"1779","120 يوم","82130000","120 days"
"1780","120 يوم","83012000","120 days"
"1781","120 يوم","83023000","120 days"
"1782","120 يوم","84029000","120 days"
"1783","120 يوم","84039000","120 days"
"1784","120 يوم","84041010","120 days"
"1785","120 يوم","84041020","120 days"
"1786","120 يوم","84042000","120 days"
"1787","120 يوم","84049010","120 days"
"1788","120 يوم","84049020","120 days"
"1789","120 يوم","84059000","120 days"
"1790","120 يوم","84068100","120 days"
"1791","120 يوم","84069000","120 days"
"1792","120 يوم","84091000","120 days"
"1793","120 يوم","84099100","120 days"
"1794","120 يوم","84099900","120 days"
"1795","120 يوم","84109000","120 days"
"1796","120 يوم","84111100","120 days"
"1797","120 يوم","84112100","120 days"
"1798","120 يوم","84118200","120 days"
"1799","120 يوم","84119100","120 days"
"1800","120 يوم","84119900","120 days"
"1801","120 يوم","84129000","120 days"
"1802","120 يوم","84133000","120 days"
"1803","120 يوم","84139100","120 days"
"1804","120 يوم","84139200","120 days"
"1805","120 يوم","84143000","120 days"
"1806","120 يوم","84144000","120 days"
"1807","120 يوم","84145910","120 days"
"1808","120 يوم","84148000","120 days"
"1809","120 يوم","84149000","120 days"
"1810","120 يوم","84151010","120 days"
"1811","120 يوم","84152010","120 days"
"1812","120 يوم","84158210","120 days"
"1813","120 يوم","84159090","120 days"
"1814","120 يوم","84161000","120 days"
"1815","120 يوم","84162000","120 days"
"1816","120 يوم","84169000","120 days"
"1817","120 يوم","84179000","120 days"
"1818","120 يوم","84186930","120 days"
"1819","120 يوم","84189100","120 days"
"1820","120 يوم","84189900","120 days"
"1821","120 يوم","84194000","120 days"
"1822","120 يوم","84195000","120 days"
"1823","120 يوم","84199090","120 days"
"1824","120 يوم","84212310","120 days"
"1825","120 يوم","84212390","120 days"
"1826","120 يوم","84213110","120 days"
"1827","120 يوم","84213190","120 days"
"1828","120 يوم","84219100","120 days"
"1829","120 يوم","84219900","120 days"
"1830","120 يوم","84229000","120 days"
"1831","120 يوم","84239000","120 days"
"1832","120 يوم","84242000","120 days"
"1833","120 يوم","84248900","120 days"
"1834","120 يوم","84249000","120 days"
"1835","120 يوم","84261100","120 days"
"1836","120 يوم","84311000","120 days"
"1837","120 يوم","84312000","120 days"
"1838","120 يوم","84313900","120 days"
"1839","120 يوم","84314100","120 days"
"1840","120 يوم","84314200","120 days"
"1841","120 يوم","84314300","120 days"
"1842","120 يوم","84314900","120 days"
"1843","120 يوم","84321000","120 days"
"1844","120 يوم","84329000","120 days"
"1845","120 يوم","84339000","120 days"
"1846","120 يوم","84349000","120 days"
"1847","120 يوم","84359000","120 days"
"1848","120 يوم","84369100","120 days"
"1849","120 يوم","84379000","120 days"
"1850","120 يوم","84389000","120 days"
"1851","120 يوم","84399100","120 days"
"1852","120 يوم","84399900","120 days"
"1853","120 يوم","84409000","120 days"
"1854","120 يوم","84419000","120 days"
"1855","120 يوم","84424000","120 days"
"1856","120 يوم","84439100","120 days"
"1857","120 يوم","84439900","120 days"
"1858","120 يوم","84482000","120 days"
"1859","120 يوم","84483300","120 days"
"1860","120 يوم","84483900","120 days"
"1861","120 يوم","84484900","120 days"
"1862","120 يوم","84485100","120 days"
"1863","120 يوم","84485900","120 days"
"1864","120 يوم","84509000","120 days"
"1865","120 يوم","84519000","120 days"
"1866","120 يوم","84523000","120 days"
"1867","120 يوم","84529000","120 days"
"1868","120 يوم","84539000","120 days"
"1869","120 يوم","84542000","120 days"
"1870","120 يوم","84549000","120 days"
"1871","120 يوم","84553000","120 days"
"1872","120 يوم","84559000","120 days"
"1873","120 يوم","84661000","120 days"
"1874","120 يوم","84662000","120 days"
"1875","120 يوم","84663000","120 days"
"1876","120 يوم","84669100","120 days"
"1877","120 يوم","84669200","120 days"
"1878","120 يوم","84669300","120 days"
"1879","120 يوم","84669400","120 days"
"1880","120 يوم","84689000","120 days"
"1881","120 يوم","84732100","120 days"
"1882","120 يوم","84732900","120 days"
"1883","120 يوم","84733000","120 days"
"1884","120 يوم","84734000","120 days"
"1885","120 يوم","84735000","120 days"
"1886","120 يوم","84749000","120 days"
"1887","120 يوم","84759000","120 days"
"1888","120 يوم","84769000","120 days"
"1889","120 يوم","84779000","120 days"
"1890","120 يوم","84789000","120 days"
"1891","120 يوم","84799000","120 days"
"1892","120 يوم","84801000","120 days"
"1893","120 يوم","84802000","120 days"
"1894","120 يوم","84804100","120 days"
"1895","120 يوم","84804900","120 days"
"1896","120 يوم","84805000","120 days"
"1897","120 يوم","84806000","120 days"
"1898","120 يوم","84807100","120 days"
"1899","120 يوم","84807900","120 days"
"1900","120 يوم","84818010","120 days"
"1901","120 يوم","84821000","120 days"
"1902","120 يوم","84822000","120 days"
"1903","120 يوم","84824000","120 days"
"1904","120 يوم","84825000","120 days"
"1905","120 يوم","84828000","120 days"
"1906","120 يوم","84829100","120 days"
"1907","120 يوم","84829900","120 days"
"1908","120 يوم","84831010","120 days"
"1909","120 يوم","84831090","120 days"
"1910","120 يوم","84832010","120 days"
"1911","120 يوم","84832090","120 days"
"1912","120 يوم","84833010","120 days"
"1913","120 يوم","84833090","120 days"
"1914","120 يوم","84834010","120 days"
"1915","120 يوم","84834090","120 days"
"1916","120 يوم","84835010","120 days"
"1917","120 يوم","84835090","120 days"
"1918","120 يوم","84836010","120 days"
"1919","120 يوم","84836090","120 days"
"1920","120 يوم","84839010","120 days"
"1921","120 يوم","84839090","120 days"
"1922","120 يوم","84841000","120 days"
"1923","120 يوم","84842000","120 days"
"1924","120 يوم","84849000","120 days"
"1925","120 يوم","84879000","120 days"
"1926","120 يوم","85030000","120 days"
"1927","120 يوم","85049000","120 days"
"1928","120 يوم","85051100","120 days"
"1929","120 يوم","85051900","120 days"
"1930","120 يوم","85052000","120 days"
"1931","120 يوم","85059000","120 days"
"1932","120 يوم","85069000","120 days"
"1933","120 يوم","85071010","120 days"
"1934","120 يوم","85072010","120 days"
"1935","120 يوم","85075000","120 days"
"1936","120 يوم","85087000","120 days"
"1937","120 يوم","85099000","120 days"
"1938","120 يوم","85109000","120 days"
"1939","120 يوم","85111000","120 days"
"1940","120 يوم","85112000","120 days"
"1941","120 يوم","85113000","120 days"
"1942","120 يوم","85114000","120 days"
"1943","120 يوم","85115000","120 days"
"1944","120 يوم","85118000","120 days"
"1945","120 يوم","85119000","120 days"
"1946","120 يوم","85121000","120 days"
"1947","120 يوم","85122010","120 days"
"1948","120 يوم","85122090","120 days"
"1949","120 يوم","85123010","120 days"
"1950","120 يوم","85123090","120 days"
"1951","120 يوم","85124010","120 days"
"1952","120 يوم","85124090","120 days"
"1953","120 يوم","85129000","120 days"
"1954","120 يوم","85139000","120 days"
"1955","120 يوم","85149000","120 days"
"1956","120 يوم","85159000","120 days"
"1957","120 يوم","85168000","120 days"
"1958","120 يوم","85182110","120 days"
"1959","120 يوم","85189000","120 days"
"1960","120 يوم","85229000","120 days"
"1961","120 يوم","85271900","120 days"
"1962","120 يوم","85272910","120 days"
"1963","120 يوم","85272990","120 days"
"1964","120 يوم","85279100","120 days"
"1965","120 يوم","85287210","120 days"
"1966","120 يوم","85291000","120 days"
"1967","120 يوم","85299000","120 days"
"1968","120 يوم","85309000","120 days"
"1969","120 يوم","85319000","120 days"
"1970","120 يوم","85366100","120 days"
"1971","120 يوم","85371000","120 days"
"1972","120 يوم","85381000","120 days"
"1973","120 يوم","85389000","120 days"
"1974","120 يوم","85419000","120 days"
"1975","120 يوم","85429000","120 days"
"1976","120 يوم","85439000","120 days"
"1977","120 يوم","85443000","120 days"
"1978","120 يوم","85447000","120 days"
"1979","120 يوم","85451100","120 days"
"1980","120 يوم","85451900","120 days"
"1981","120 يوم","85452000","120 days"
"1982","120 يوم","86080000","120 days"
"1983","120 يوم","87011010","120 days"
"1984","120 يوم","87013010","120 days"
"1985","120 يوم","87019191","120 days"
"1986","120 يوم","87019291","120 days"
"1987","120 يوم","87019391","120 days"
"1988","120 يوم","87019491","120 days"
"1989","120 يوم","87019591","120 days"
"1990","120 يوم","87021050","120 days"
"1991","120 يوم","87022050","120 days"
"1992","120 يوم","87023050","120 days"
"1993","120 يوم","87024050","120 days"
"1994","120 يوم","87032110","120 days"
"1995","120 يوم","87032210","120 days"
"1996","120 يوم","87032394","120 days"
"1997","120 يوم","87032493","120 days"
"1998","120 يوم","87033110","120 days"
"1999","120 يوم","87033293","120 days"
"2000","120 يوم","87033394","120 days"
"2001","120 يوم","87039095","120 days"
"2002","120 يوم","87042120","120 days"
"2003","120 يوم","87042210","120 days"
"2004","120 يوم","87042310","120 days"
"2005","120 يوم","87043120","120 days"
"2006","120 يوم","87043210","120 days"
"2007","120 يوم","87049010","120 days"
"2008","120 يوم","87060030","120 days"
"2009","120 يوم","87071020","120 days"
"2010","120 يوم","87079090","120 days"
"2011","120 يوم","87081090","120 days"
"2012","120 يوم","87082190","120 days"
"2013","120 يوم","87082910","120 days"
"2014","120 يوم","87082990","120 days"
"2015","120 يوم","87083090","120 days"
"2016","120 يوم","87084010","120 days"
"2017","120 يوم","87084090","120 days"
"2018","120 يوم","87085010","120 days"
"2019","120 يوم","87085090","120 days"
"2020","120 يوم","87087010","120 days"
"2021","120 يوم","87087090","120 days"
"2022","120 يوم","87088090","120 days"
"2023","120 يوم","87089110","120 days"
"2024","120 يوم","87089190","120 days"
"2025","120 يوم","87089210","120 days"
"2026","120 يوم","87089290","120 days"
"2027","120 يوم","87089390","120 days"
"2028","120 يوم","87089410","120 days"
"2029","120 يوم","87089490","120 days"
"2030","120 يوم","87089590","120 days"
"2031","120 يوم","87089911","120 days"
"2032","120 يوم","87089915","120 days"
"2033","120 يوم","87089990","120 days"
"2034","120 يوم","87099000","120 days"
"2035","120 يوم","87141000","120 days"
"2036","120 يوم","87142000","120 days"
"2037","120 يوم","87149100","120 days"
"2038","120 يوم","87149200","120 days"
"2039","120 يوم","87149300","120 days"
"2040","120 يوم","87149400","120 days"
"2041","120 يوم","87149500","120 days"
"2042","120 يوم","87149600","120 days"
"2043","120 يوم","87149900","120 days"
"2044","120 يوم","87169090","120 days"
"2045","120 يوم","90021100","120 days"
"2046","120 يوم","90021900","120 days"
"2047","120 يوم","90029000","120 days"
"2048","120 يوم","90039000","120 days"
"2049","120 يوم","90069100","120 days"
"2050","120 يوم","90079100","120 days"
"2051","120 يوم","90089000","120 days"
"2052","120 يوم","90109000","120 days"
"2053","120 يوم","90112000","120 days"
"2054","120 يوم","90113000","120 days"
"2055","120 يوم","90119000","120 days"
"2056","120 يوم","90139000","120 days"
"2057","120 يوم","90159000","120 days"
"2058","120 يوم","90259000","120 days"
"2059","120 يوم","90269000","120 days"
"2060","120 يوم","90281000","120 days"
"2061","120 يوم","90282000","120 days"
"2062","120 يوم","90289000","120 days"
"2063","120 يوم","90291000","120 days"
"2064","120 يوم","90299000","120 days"
"2065","120 يوم","90319000","120 days"
"2066","120 يوم","90322000","120 days"
"2067","120 يوم","90328900","120 days"
"2068","120 يوم","90329000","120 days"
"2069","120 يوم","91040000","120 days"
"2070","120 يوم","91070000","120 days"
"2071","120 يوم","91091000","120 days"
"2072","120 يوم","91099000","120 days"
"2073","120 يوم","91109000","120 days"
"2074","120 يوم","91143000","120 days"
"2075","120 يوم","91149000","120 days"
"2076","120 يوم","94012010","120 days"
"2077","120 يوم","94019110","120 days"
"2078","120 يوم","94019190","120 days"
"2079","120 يوم","94019910","120 days"
"2080","120 يوم","94019990","120 days"
"2081","120 يوم","94059200","120 days"
"2082","120 يوم","94059900","120 days"
"2083","120 يوم","96035000","120 days"
"2084","120 يوم","96039010","120 days"
"2085","120 يوم","96138020","120 days"
"2086","120 يوم","85131000","120 days"
"2087","120 يوم","85318000","120 days"
"2088","120 يوم","85391000","120 days"
"2089","120 يوم","85392100","120 days"
"2090","120 يوم","85392200","120 days"
"2091","120 يوم","85392900","120 days"
"2092","120 يوم","85393110","120 days"
"2093","120 يوم","85393190","120 days"
"2094","120 يوم","85393900","120 days"
"2095","120 يوم","85394100","120 days"
"2096","120 يوم","85394900","120 days"
"2097","120 يوم","85395100","120 days"
"2098","120 يوم","85395200","120 days"
"2099","120 يوم","94054100","120 days"
"2100","120 يوم","94054200","120 days"
"2101","120 يوم","94054900","120 days"
"2102","120 يوم","94055000","120 days"
"2103","120 يوم","94059100","120 days"
"2104","120 يوم","84081000","120 days"
"2105","120 يوم","85011000","120 days"
"2106","120 يوم","85013100","120 days"
"2107","120 يوم","85013200","120 days"
"2108","120 يوم","85013300","120 days"
"2109","120 يوم","85013400","120 days"
"2110","120 يوم","85015100","120 days"
"2111","120 يوم","85015200","120 days"
"2112","120 يوم","85015300","120 days"
"2113","120 يوم","84082000","120 days"
"2114","120 يوم","84089000","120 days"
"2115","120 يوم","84073490","120 days"
"2116","120 يوم","85012000","120 days"
"2117","120 يوم","85014000","120 days"
"2118","120 يوم","84131100","120 days"
"2119","120 يوم","84131900","120 days"
"2120","120 يوم","84132000","120 days"
"2121","120 يوم","84134000","120 days"
"2122","120 يوم","84135000","120 days"
"2123","120 يوم","84136000","120 days"
"2124","120 يوم","84138100","120 days"
"2125","120 يوم","84138200","120 days"
"2126","120 يوم","84141000","120 days"
"2127","120 يوم","84142000","120 days"
"2128","120 يوم","73251000","120 days"
"2129","120 يوم","74071000","120 days"
"2130","120 يوم","74072100","120 days"
"2131","120 يوم","74072900","120 days"
"2132","120 يوم","74081100","120 days"
"2133","120 يوم","74082100","120 days"
"2134","120 يوم","74091100","120 days"
"2135","120 يوم","74091900","120 days"
"2136","120 يوم","74092100","120 days"
"2137","120 يوم","74099000","120 days"
"2138","120 يوم","74093100","120 days"
"2139","120 يوم","74031200","120 days"
"2140","120 يوم","74152100","120 days"
"2141","120 يوم","74152900","120 days"
"2142","120 يوم","74031300","120 days"
"2143","120 يوم","74031900","120 days"
"2144","120 يوم","74032100","120 days"
"2145","120 يوم","74032200","120 days"
"2146","120 يوم","74032900","120 days"
"2147","120 يوم","39201000","120 days"
"2148","120 يوم","39202000","120 days"
"2149","120 يوم","39203000","120 days"
"2150","120 يوم","40081100","120 days"
"2151","120 يوم","39162000","120 days"
"2152","120 يوم","39204300","120 days"
"2153","120 يوم","40059100","120 days"
"2154","120 يوم","40059900","120 days"
"2155","120 يوم","39204900","120 days"
"2156","120 يوم","39205100","120 days"
"2157","120 يوم","39205900","120 days"
"2158","120 يوم","39206100","120 days"
"2159","120 يوم","39206200","120 days"
"2160","120 يوم","39211200","120 days"
"2161","120 يوم","39206900","120 days"
"2162","120 يوم","39207100","120 days"
"2163","120 يوم","39207300","120 days"
"2164","120 يوم","39207900","120 days"
"2165","120 يوم","39209100","120 days"
"2166","120 يوم","39209200","120 days"
"2167","120 يوم","39209400","120 days"
"2168","120 يوم","39209900","120 days"
"2169","120 يوم","85016100","120 days"
"2170","120 يوم","85016200","120 days"
"2171","120 يوم","85016300","120 days"
"2172","120 يوم","85016400","120 days"
"2173","120 يوم","85021100","120 days"
"2174","120 يوم","85021200","120 days"
"2175","120 يوم","85021300","120 days"
"2176","120 يوم","85022000","120 days"
"2177","120 يوم","85023100","120 days"
"2178","120 يوم","85023900","120 days"
"2179","120 يوم","85024000","120 days"
"2180","150 يوم","72141000","150 days"
"2181","150 يوم","72149100","150 days"
"2182","150 يوم","72149900","150 days"
"2183","150 يوم","72155000","150 days"
"2184","150 يوم","72159000","150 days"
"2185","150 يوم","72161000","150 days"
"2186","150 يوم","72162100","150 days"
"2187","150 يوم","72162200","150 days"
"2188","150 يوم","72163100","150 days"
"2189","150 يوم","72163200","150 days"
"2190","150 يوم","72163300","150 days"
"2191","150 يوم","72164000","150 days"
"2192","150 يوم","72165000","150 days"
"2193","150 يوم","72166100","150 days"
"2194","150 يوم","72166900","150 days"
"2195","150 يوم","72169100","150 days"
"2196","150 يوم","72169900","150 days"
"2197","150 يوم","72171000","150 days"
"2198","150 يوم","72172000","150 days"
"2199","150 يوم","72173000","150 days"
"2200","150 يوم","72179000","150 days"
"2201","150 يوم","72221100","150 days"
"2202","150 يوم","72221900","150 days"
"2203","150 يوم","72222000","150 days"
"2204","150 يوم","72223000","150 days"
"2205","150 يوم","72224000","150 days"
"2206","150 يوم","72230000","150 days"
"2207","150 يوم","72283000","150 days"
"2208","150 يوم","72285000","150 days"
"2209","150 يوم","72287000","150 days"
"2210","150 يوم","72292000","150 days"
"2211","150 يوم","72299000","150 days"
"2212","150 يوم","73012000","150 days"
"2213","150 يوم","73121000","150 days"
"2214","150 يوم","73129000","150 days"
"2215","150 يوم","73151100","150 days"
"2216","150 يوم","73151200","150 days"
"2217","150 يوم","73158200","150 days"
"2218","150 يوم","73158900","150 days"
"2219","150 يوم","85171300","150 days"
"2220","150 يوم","85176900","150 days"
"2221","150 يوم","39171000","150 days"
"2222","150 يوم","39172100","150 days"
"2223","150 يوم","39172300","150 days"
"2224","150 يوم","39172900","150 days"
"2225","150 يوم","39173100","150 days"
"2226","150 يوم","39173200","150 days"
"2227","150 يوم","39173300","150 days"
"2228","150 يوم","39173900","150 days"
"2229","150 يوم","39174000","150 days"
"2230","150 يوم","39234000","150 days"
"2231","150 يوم","40092200","150 days"
"2232","150 يوم","73071100","150 days"
"2233","150 يوم","73071900","150 days"
"2234","150 يوم","73072100","150 days"
"2235","150 يوم","73072200","150 days"
"2236","150 يوم","73072300","150 days"
"2237","150 يوم","73072900","150 days"
"2238","150 يوم","73079100","150 days"
"2239","150 يوم","73079200","150 days"
"2240","150 يوم","73079300","150 days"
"2241","150 يوم","73079900","150 days"
"2242","150 يوم","73241000","150 days"
"2243","150 يوم","73259900","150 days"
"2244","150 يوم","74121000","150 days"
"2245","150 يوم","76090000","150 days"
"2246","150 يوم","79070010","150 days"
"2247","150 يوم","83011000","150 days"
"2248","150 يوم","83013000","150 days"
"2249","150 يوم","83014000","150 days"
"2250","150 يوم","83015000","150 days"
"2251","150 يوم","83016000","150 days"
"2252","150 يوم","83017000","150 days"
"2253","150 يوم","83021000","150 days"
"2254","150 يوم","83024100","150 days"
"2255","150 يوم","83024200","150 days"
"2256","150 يوم","83024900","150 days"
"2257","150 يوم","83079000","150 days"
"2258","150 يوم","84811000","150 days"
"2259","150 يوم","84812000","150 days"
"2260","150 يوم","84813000","150 days"
"2261","150 يوم","84814000","150 days"
"2262","150 يوم","84818020","150 days"
"2263","150 يوم","84818030","150 days"
"2264","150 يوم","84818090","150 days"
"2265","150 يوم","40093100","150 days"
"2266","150 يوم","84819000","150 days"
"2267","150 يوم","72071900","150 days"
"2268","150 يوم","72072000","150 days"
"2269","150 يوم","84563000","150 days"
"2270","150 يوم","84198900","150 days"
"2271","150 يوم","84223000","150 days"
"2272","150 يوم","84551000","150 days"
"2273","150 يوم","84552100","150 days"
"2274","150 يوم","84552200","150 days"
"2275","150 يوم","84561100","150 days"
"2276","150 يوم","84562000","150 days"
"2277","150 يوم","84564000","150 days"
"2278","150 يوم","84565000","150 days"
"2279","150 يوم","84569000","150 days"
"2280","150 يوم","84571000","150 days"
"2281","150 يوم","84772000","150 days"
"2282","150 يوم","84632000","150 days"
"2283","150 يوم","84633000","150 days"
"2284","150 يوم","84639000","150 days"
"2285","150 يوم","84391000","150 days"
"2286","150 يوم","84393000","150 days"
"2287","150 يوم","84392000","150 days"
"2288","150 يوم","72081000","150 days"
"2289","150 يوم","72082500","150 days"
"2290","150 يوم","72082600","150 days"
"2291","150 يوم","72082700","150 days"
"2292","150 يوم","72083600","150 days"
"2293","150 يوم","72083700","150 days"
"2294","150 يوم","72083800","150 days"
"2295","150 يوم","72083900","150 days"
"2296","150 يوم","72084000","150 days"
"2297","150 يوم","72085100","150 days"
"2298","150 يوم","72085200","150 days"
"2299","150 يوم","72085300","150 days"
"2300","150 يوم","72085400","150 days"
"2301","150 يوم","72089000","150 days"
"2302","150 يوم","72091500","150 days"
"2303","150 يوم","72091600","150 days"
"2304","150 يوم","72091700","150 days"
"2305","150 يوم","72091800","150 days"
"2306","150 يوم","72092500","150 days"
"2307","150 يوم","72092600","150 days"
"2308","150 يوم","72092700","150 days"
"2309","150 يوم","72092800","150 days"
"2310","150 يوم","72099000","150 days"
"2311","150 يوم","72101100","150 days"
"2312","150 يوم","72101200","150 days"
"2313","150 يوم","72103000","150 days"
"2314","150 يوم","72104100","150 days"
"2315","150 يوم","72104900","150 days"
"2316","150 يوم","72106100","150 days"
"2317","150 يوم","72107000","150 days"
"2318","150 يوم","72109000","150 days"
"2319","150 يوم","72111300","150 days"
"2320","150 يوم","72111400","150 days"
"2321","150 يوم","72111900","150 days"
"2322","150 يوم","72112900","150 days"
"2323","150 يوم","72119000","150 days"
"2324","150 يوم","72122000","150 days"
"2325","150 يوم","72123000","150 days"
"2326","150 يوم","72124000","150 days"
"2327","150 يوم","72125000","150 days"
"2328","150 يوم","72126000","150 days"
"2329","150 يوم","72189100","150 days"
"2330","150 يوم","72189900","150 days"
"2331","150 يوم","72191200","150 days"
"2332","150 يوم","72191300","150 days"
"2333","150 يوم","72191400","150 days"
"2334","150 يوم","72192100","150 days"
"2335","150 يوم","72192200","150 days"
"2336","150 يوم","72192300","150 days"
"2337","150 يوم","72193100","150 days"
"2338","150 يوم","72193200","150 days"
"2339","150 يوم","72193300","150 days"
"2340","150 يوم","72193500","150 days"
"2341","150 يوم","72199000","150 days"
"2342","150 يوم","72202000","150 days"
"2343","150 يوم","72209000","150 days"
"2344","150 يوم","72251100","150 days"
"2345","150 يوم","72253000","150 days"
"2346","150 يوم","72254000","150 days"
"2347","150 يوم","72255000","150 days"
"2348","150 يوم","72259900","150 days"
"2349","150 يوم","72261100","150 days"
"2350","150 يوم","72261900","150 days"
"2351","150 يوم","72269200","150 days"
"2352","150 يوم","72269900","150 days"
"2353","150 يوم","73030000","150 days"
"2354","150 يوم","73041100","150 days"
"2355","150 يوم","73041900","150 days"
"2356","150 يوم","73042200","150 days"
"2357","150 يوم","73042300","150 days"
"2358","150 يوم","73042900","150 days"
"2359","150 يوم","73043100","150 days"
"2360","150 يوم","73043900","150 days"
"2361","150 يوم","73044100","150 days"
"2362","150 يوم","73044900","150 days"
"2363","150 يوم","73045100","150 days"
"2364","150 يوم","73045900","150 days"
"2365","150 يوم","73049000","150 days"
"2366","150 يوم","73051100","150 days"
"2367","150 يوم","73053900","150 days"
"2368","150 يوم","73059000","150 days"
"2369","150 يوم","73061100","150 days"
"2370","150 يوم","73061900","150 days"
"2371","150 يوم","73062100","150 days"
"2372","150 يوم","73062900","150 days"
"2373","150 يوم","73064000","150 days"
"2374","150 يوم","73065000","150 days"
"2375","150 يوم","73069000","150 days"
"2376","150 يوم","73182100","150 days"
"2377","150 يوم","83071000","150 days"
"3000","60 يوم","21021000","60 days"
"5001","60 يوم","21012000","60 days"
"5002","60 يوم","21023000","60 days"
"5003","120 يوم","44160000","120 days"
"5004","150 يوم","69072100","150 days"
"5005","150 يوم","69072200","150 days"
"5006","150 يوم","69072300","150 days"
"5007","150 يوم","69073000","150 days"
"5008","150 يوم","69074000","150 days"
"5009","150 يوم","68071000","150 days"
"5010","150 يوم","44011100","150 days"
"5011","150 يوم","44011200","150 days"
