"id","note_a","note_b","note_c","note_num","id_section_id","note_a_en","note_b_en","note_c_en","note_num_en"
"1","كل إشارة في هذا القسم إلى نوع أو جنس معين من الحيوان تشمل أيضاً صغاره من هذا النوع أو الجنس، مالم ينص على خلاف ذلك. ",,,"ملاحظة  1:","1","Any reference in this Section to a particular genus or species of an animal, except where the context otherwise requires, includes a reference to the young of that genus or species.",,,"Note 1:"
"10","بإستثناء الأصناف الداخلة في البندين 39.18 أو 39.19، تدخل في الفصل 49 اللدائن والمطـاط والمصنوعات من هذه المواد المطبوعة والمتضمنة صوراً أو رسوماً أو نصوصاً، بحيث لاتكون الطباعة أو الصور فيها مجرد أمر ثانوى بل يكون لها الصفة الرئيسية عند الإستعمال",,,"ملاحظة 2:","7","Except for the goods of heading 3918 or 3919, plastics, rubber, and articles thereof, printed with motifs, characters or pictorial representations, which are not merely subsidiary to the primary use of the goods, fall in Chapter 49.",,,"Note 2:"
"11","لا يشمل هذا القسم : # (أ) وبر أو شعر الحيوانات المستعمل لصناعة الفراجين (البند 05.02)؛ شعر الخيل وفضلاته (البند 05.03)؛  # (ب) الشعر البشرى ومصنوعاته (البند 05.01 أو 67.03 أو 67.04)، عدا أقمشة التصفية من شعر بشرى لمعاصر الزيوت والإستعمالات المماثلة فهى تدخل في البند 59.11؛ # (ج) زغب بذور القطن والمنتجات النباتية الأخر، الداخلة في الفصل 14؛ # (د) ألياف الحرير الصخرى (أسبستوس) الداخلة في البند 25.24 أو الأصناف المصنوعة من حرير صخرى أو المنتجات الأخر الداخلة في البند 68.12 أو 68.13؛  #(ه) الأصناف الداخلة في البند 30.05 أو البند 30.06 (مثل الحشو، الغزى ""شاش""، الأربطة والضمادات والأصناف المماثلة للطب أو الجراحة أو طب الأسنان، أو الطب البيطرى، والخيوط المعقمة للجراحة)؛ خيوط للتنظيف ما بين الأسنان ""دانتال فلوس""، في عبوات فردية للبيع بالتجزئة، الداخلة في البند 33.06؛ # (و) النسج المحسسة الداخلة في البنود من 37.01 إلى 37.04؛ # (ز) الشعيرات المفردة التي يزيد أكبر مقاس لمقطعها العرضى عن 1 مم، والصفيحات والأشكال المماثلة (مثل القش الإصطناعى)، والتي يزيد عرضها الظاهر عن 5 مم، من لدائن (الفصل 39)، وكذلك الضفائر والنسج وغيرها من أصناف صناعتى الحصر أو السلال المصنوعة من هذه الشعيرات المفردة أو الصفيحات (الفصل 46)؛ # (ح) الأقمشة المنسوجة والأقمشة المصنرة واللباد واللامنسوجات (الأقمشة غير المنسوجة)، المشربة أو المطلية أو المغطاة أو المنضدة بلدائن، والأصناف المصنوعة منها، الداخلة في الفصل 39؛  # (ط) الأقمشة المنسوجة والأقمشة المصنرة واللباد واللامنسوجات (الأقمشة غير المنسوجة)، المشربة أو المطلية أو المغطاة أو المنضدة بمطاط، والأصناف المصنوعة منها، الداخلة في الفصل 40؛ # (ى) الجلود بشعرها أو بصوفها (الفصل 41 أو الفصل 43) وأصناف الجلود بفراء، الطبيعية أو المقلدة (الإصطناعية)، ومصنوعاتها، الداخلة في البند 43.03 أو البند 43.04؛ # (ك) الأصناف من مواد نسجية الداخلة في البند 42.01 أو البند 42.02؛ #(ل) منتجات وأصناف الفصل 48 (مثل حشو السليلوز)؛ #(م) أصناف الأحذية وأجزاؤها والطماقات وواقيات السيقان والأصناف المماثلة الداخلة في الفصل 64؛ #(ن) شبيكات الشعر وغيرها من أغطية الرأس وأجزاؤها الداخلة في الفصل 65؛ # (ص) أصناف الفصل 67؛ # (ع) المواد النسجية المكسوة بمواد شاحذة (البند 68.05) وكذلك ألياف الكربون ومصنوعاتها الداخلة في البند 68.15؛ #(ف) ألياف الزجاج والأصناف المصنوعة من ألياف الزجاج، بإستثناء المطرزات بخيوط من ألياف زجاجية على نسج ظاهرة الأرضية (الفصل 70)؛ # (س) أصناف الفصل 94 (مثل الأثاث ولوازم الأسرة وأجهزة الإنارة)؛ #(ق) أصناف الفصل95 (مثل لعب الأطفال وألعاب المجتمعات وأدوات ولوازم وشبكات الرياضة)؛ #(ر) أصناف الفصل 96 (مثل الفراجين، مجموعات الخياطة للسفر، الحابكات المنزلقة (المسننة أو غير المسننة) والأشرطة المحبره للآلات الكاتبة)؛ #(ش) أصناف الفصل 97.",,,"ملاحظة 1:","11","This Section does not cover : # (a)     Animal brush‑making bristles or hair (heading 05.02); horsehair or horsehair waste (heading 05.11); #  (b)     Human hair or articles of human hair (heading 05.01, 67.03 or 67.04), except filtering or straining cloth of a kind commonly used in oil presses or the like (heading 59.11); # (c)     Cotton linters or other vegetable materials of Chapter 14; #   (d)  Asbestos of heading 25.24 or articles of asbestos or other products of heading 68.12 or 68.13; # (e)     Articles of heading 30.05 or 30.06; yarn used to clean between the teeth (dental floss), in individual retail packages, of heading 33.06; # (f)     Sensitised textiles of headings 37.01 to 37.04; #  (g)     Monofilament of which any cross‑sectional dimension exceeds 1 mm or strip or the like (for example, artificial straw) of an apparent width exceeding 5 mm, of plastics (Chapter 39), or plaits or fabrics or other basketware or wickerwork of such monofilament or strip (Chapter 46); #  (h)     Woven, knitted or crocheted fabrics, felt or nonwovens, impregnated, coated, covered or laminated with plastics, or articles thereof, of Chapter 39; #  (ij)     Woven, knitted or crocheted fabrics, felt or nonwovens, impregnated, coated, covered or laminated with rubber, or articles thereof, of Chapter 40; # (k)     Hides or skins with their hair or wool on (Chapter 41 or 43) or articles of furskin, artificial fur or articles thereof, of heading 43.03 or 43.04; #  (l)     Articles of textile materials of heading 42.01 or 42.02; # (m)     Products or articles of Chapter 48 (for example, cellulose wadding); #  (n)     Footwear or parts of footwear, gaiters or leggings or similar articles of Chapter 64; # (o)     Hair‑nets or other headgear or parts thereof of Chapter 65; #   (p)     Goods of Chapter 67; #  (q)     Abrasive‑coated textile material (heading 68.05) and also carbon fibres or articles of carbon fibres of heading 68.15; # (r)     Glass fibres or articles of glass fibres, other than embroidery with glass thread on a visible ground of fabric (Chapter 70); # (s)     Articles of Chapter 94 (for example, furniture, bedding, luminaires and lighting fittings); #  (t)     Articles of Chapter 95 (for example, toys, games, sports requisites and nets); #  (u)     Articles of Chapter 96 (for example, brushes, travel sets for sewing, slide fasteners, typewriter ribbons, sanitary towels (pads) and tampons, napkins (diapers) and napkin liners); or # (v)     Articles of Chapter 97.",,,"Note 1:"
"12","إن المنتجات القابلة للتبنيد في الفصول من50 إلى 55 أو في البند 58.09 أو البند 59.02، المحتوية على خليط من مادتين نسجيتين أو أكثر يجب أن تبند كما لو كانت تتكون بكاملها من المادة النسجية الغالبة وزناً على أى واحدة من المواد النسجية الأخر. وعندما لا يكون هناك مادة نسجية غالبه وزناً، فإن المنتجات يجب أن تبند كما لو كانت مكونة بالكامل من تلك المادة النسجية المشمولة بالبند الذي يرد متأخراً في الترتيب الرقمى من بين البنود التي يمكن أخذها بعين الإعتبار على حد سواء.","لتطبيق القاعدة أعلاه : # 1- تعامل خيوط بريم شعر الخيل (البند 51.10) والخيوط الممعدنة (البند 56.05) كمادة نسجية صرفه، والوزن الواجب إعتباره هو كامل مجموع وزن مكوناتها؛ من أجل تبنيد الأقمشة المنسوجة، تعتبر الخيوط المعدنية كما لو كانت مادة نسجية؛ #2- إن إختيار البند المناسب يجب أن يبدأ بتحديد الفصل أولاً، ومن ثم البند الممكن تطبيقه داخل هذا الفصل، بغض النظر عن أية مواد نسجية غير داخلة في هذا الفصل؛ #3- عندما يتداخل الفصلان 54 و 55 مع أى فصل آخر، فإنهما يجب أن يعاملا كفصل واحد؛ # 4- عندما يشير أحد الفصول أو البنود إلى منتجات مؤلفة من مواد نسجية مختلفة، فإن هذه المواد تعامل كمادة نسجية واحدة.","تنطبـق أيضاً أحكام الفقرتين (أ) و (ب) أعلاه على الخيوط المشار إليها في الملاحظات 3 و4 و5 و 6 أدناه","ملاحظة 2:","11","Goods classifiable in Chapters 50 to 55 or in heading 58.09 or 59.02 and of a mixture of two or more textile materials are to be classified as if consisting wholly of that one textile material which predominates by weight over any other single textile material. # When no one textile material predominates by weight, the goods are to be classified as if consisting wholly of that one textile material which is covered by the heading which occurs last in numerical order among those which equally merit consideration.","  For the purposes of the above rule : #  (a) - Gimped horsehair yarn (heading 51.10) and metallised yarn (heading 56.05) are to be treated as a single textile material the weight of which is to be taken as the aggregate of the weights of its components; for the classification of woven fabrics, metal thread is to be regarded as a textile material; # (b) The choice of appropriate heading shall be effected by determining first the Chapter and then the applicable heading within that Chapter, disregarding any materials not classified in that Chapter; #  (c) When both Chapters 54 and 55 are involved with any other Chapter, Chapters 54 and 55 are to be treated as a single Chapter; #   (d) Where a Chapter or a heading refers to goods of different textile materials, such materials are to be treated as a single textile material.","The provisions of paragraphs (A) and (B) above apply also to the yarns referred to in Note 3, 4, 5 or 6 below.","Note 2:"
"13","مع مراعاة الإستثناءات الواردة في الفقرة (ب) أدناه، تعتبر في هذا القسم "" خيوط حزم وحبال وأمراس وقلوس (حبال غليظة)""، الخيوط (المفردة أو المزوية أو المتعددة الزوى) المصنوعة: # 1- من حرير طبيعى أو فضلاته بمقاس يتجاوز 20000 ديسيتكس؛ #2- من ألياف تركيبية أو إصطناعية (بما في ذلك المصنوعة من شعيرتين مفردتين أو أكثر ممايدخل في الفصل 54)، بمقاس يتجاوز 10000 ديسيتكس؛ #3- من قنب أو كتان : # أ- ملمعة أو مصقولة، بمقاس لايقل عن 1429 ديسيتكس؛ أو # ب- غير ملمعة ولا مصقولة، بمقاس يتجاوز 20000 ديسيتكس؛ # 4- من ألياف النارجيل (جوز الهند) مؤلفة من ثلاث طاقات أو أكثر؛ #5- من ألياف نباتية أخر، بمقاس يتجاوز 20000 ديسيتكس؛ أو # 6- مقواه بخيوط من معدن.","لا تنطبق الأحكام الواردة أعلاه على : #1- خيوط الصوف أو الوبر أو غيرها من الشعر الحيوانى وخيوط الورق، عدا ما كان منها مقوى بخيوط من معدن؛ #2- خصل الشعيرات التركيبية أو الإصطناعية الداخلة في الفصل 55، والخيوط المتعددة الشعيرات بدون زوى أو بزوى أقل من 5 برمات للمتر، الداخلة في الفصل 54؛ #3- شعر مسينا للصيد (خيوط أحشاء دود الحرير) الداخلة في البند 50.06، والشعيرات المفردة الداخلة في الفصل 54؛ #4- الخيوط الممعدنة الداخلة في البند 56.05؛ تخضع الخيوط المقواه بخيوط من معدنلأحكام الفقرة (أ) (6) أعلاه؛ و #5- الخيوط القطيفية (المخملة) وخيوط البريم وخيوط السلسلة الداخلة في البند 56.06",,"ملاحظة 3:","11"," For the purposes of this Section, and subject to the exceptions in paragraph (B) below, yarns (single, multiple (folded) or cabled) of the following descriptions are to be treated as “twine, cordage, ropes and cables” : #  (a) Of silk or waste silk, measuring more than 20,000 decitex; #   (b) Of man‑made fibres (including yarn of two or more monofilaments of Chapter 54), measuring more than 10,000 decitex; # (c) Of true hemp or flax : # (i)   Polished or glazed, measuring 1,429 decitex or more; or #  (ii)  Not polished or glazed, measuring more than 20,000 decitex ;or #  (d) Of coir, consisting of three or more plies; # (e) Of other vegetable fibres, measuring more than 20,000 decitex; or #  (f) Reinforced with metal thread.    ","Exceptions : # (a) Yarn of wool or other animal hair and paper yarn, other than yarn reinforced with metal thread; # (b) Man‑made filament tow of Chapter 55 and multifilament yarn without twist or with a twist of less than 5 turns per metre of Chapter 54; # (c) Silk worm gut of heading 50.06, and monofilaments of Chapter 54; # (d) Metallised yarn of heading 56.05; yarn reinforced with metal thread is subject to paragraph (A) (f) above; and  # (e) Chenille yarn, gimped yarn and loop wale‑yarn of heading 56.06.",,"Note 3:"
"14","مع مراعاة الإستثناءات المبينه في الفقرة (ب) التالية، تعتبر "" خيوط مهيأة للبيع بالتجزئة "" في الفصول 50، 51، 52، 54، 55، الخيوط (المفردة أو المزوية أو المتعددة الزوى) المهيأة كما يلى: #1- على بطاقات أو بكرات أو مواسير أو مايماثلها من الحوامل، لايزيد وزنها (بما فيذلك الحامل) عن : # أ- 85 جم لخيوط الحرير الطبيعى أو فضلاته أو خيوط الشعيرات التركيبية أو الإصطناعية؛ أو # ب- 125 جم لغيرها من الخيوط؛ # 2- بشكل كرات أو كبب أو شلل أو شليلات لايتجاوز وزنها : #  أ - 85 جم لخيوط الشعيرات التركيبية أو الإصطناعية بمقاس أقل من 3000 ديسيتكس، أو لخيوط الحرير الطبيعى أو فضلاته؛ # ب - 125 جم لجميع الخيوط النسجية الأخر بمقاس أقل من2000 ديسيتكس؛ أو # ج - 500 جم لغيرها من الخيوط؛ # 3- بشكل شلل مقسمة تقسيماً ثانوياً إلى عدة شليلات أصغر موحدة الوزن، مفصولة بواسطة خيوط فاصلة تجعلها مستقلة عن بعضها، ولايزيد وزن الشليلة الواحدة عن : # أ - 85 جم لخيوط الحرير الطبيعى أو فضلاتة أو خيوط الشعيرات التركيبية أو الإصطناعية؛ أو #  ب - 125 جم لغيرها من الخيوط","لاتنطبق الأحكام الواردة أعلاه على : #1- الخيوط المفردة من جميع المواد النسجية بإستثناء : # أ- الخيوط المفردة من الصوف أو الوبر الناعم، غير المقصورة؛ و #ب- الخيوط المفردة من الصوف أو الوبر الناعم، المقصورة أو المصبوغة أوالمطبوعة، بمقاس يتجاوز 5000 ديسيتكس؛ # 2- الخيوط المزوية أو المتعددة الزوى، غير المقصورة : # أ- من الحرير الطبيعى أو فضلاته، أياً كانت طريقة تهيئتها؛ أو #ب- من المواد النسجية الأخر (بإستثناء الصوف أو الوبر الناعم) المهيأة بشكل شلل أو شليلات #3- الخيوط المزوية أو المتعددة الزوى من الحرير الطبيعى أو فضلاته، مقصورة أو مصبوغة أو مطبوعة، بمقاس 133 ديسيتكس أو أقل؛ و #4- الخيوط المفردة أو المزوية أو المتعددة الزوى، من جميع المواد النسجية، المهيأة : # أ- بشكل شلل أو شليلات متقاطعة الخيوط؛ أو # ب- على حوامل أو بأية طريقة أخرى تدل على إستعمالها في صناعة النسيج (مثل مواسير آلات الزوى، أو مخاريط ""كون"" أو بكرات أو أنابيب مخروطية أو إسطوانية أو مهيأة بشكل شرانق لأنوال التطريز).",,"ملاحظة 4:","11"," For the purposes of Chapters 50, 51, 52, 54 and 55, the expression “put up for retail sale” in relation to yarn means, subject to the exceptions in paragraph (B) below, yarn (single, multiple (folded) or cabled) put up : # (a) On cards, reels, tubes or similar supports, of a weight (including support) not exceeding : #  (i)     85 g in the case of silk, waste silk or man‑made filaments; or #(ii)     125 g in other cases; # (b) In balls, hanks or skeins of a weight not exceeding : #  (i)    85 g in the case of man‑made filament yarn of less than 3,000 decitex, silk or silk waste; #  (ii)    125 g in the case of all other yarns of less than 2,000 decitex; or #  (iii)    500 g in other cases. # (c) In hanks or skeins comprising several smaller hanks or skeins separated by dividing threads which render them independent one of the other, each of uniform weight not exceeding : #  (i)     85 g in the case of silk, waste silk or man‑made filaments; or 3 (ii)     125 g in other cases."," (B)    Exceptions :# (a) Single yarn of any textile material, except : #(i)     Single yarn of wool or fine animal hair, unbleached; and #  (ii)     Single yarn of wool or fine animal hair, bleached, dyed or printed, measuring more than 5,000 decitex; # (b) Multiple (folded) or cabled yarn, unbleached : # (i)     Of silk or waste silk, however put up; or #   (ii)     Of other textile material except wool or fine animal hair, in hanks or skeins; #  (c) Multiple (folded) or cabled yarn of silk or waste silk, bleached, dyed or printed, measuring 133 decitex or less; and # (d) Single, multiple (folded) or cabled yarn of any textile material : # (i)     In cross‑reeled hanks or skeins; or # (ii)    Put up on supports or in some other manner indicating its use in the textile industry (for example, on cops, twisting mill tubes, pirns, conical bobbins or spindles, or reeled in the form of cocoons for embroidery looms).             ",,"Note 4:"
"15","من أجل تطبيق أحكام البنود 52.04 و 54.01 و 55.08، يقصد بعبارة ""خيوط الخياطة"" الخيوط المزوية أو المتعددة الزوى التي يتوافر فيها مايلى : # أ- مهيأة على حوامل )مثل البكرات أو المواسير( بوزن ال يزيد عن 1000 غرام )بما فيه الحامل(؛ # ب- مهيأة لالستخدام كخيوط خياطة؛ و  # ج- ببرم نهائي بشكل Z.",,,"ملاحظة 5:","11","For the purposes of headings 52.04, 54.01 and 55.08, the expression “sewing thread” means multiple (folded) or cabled yarn :#  (a) Put up on supports (for example, reels, tubes) of a weight (including support) not exceeding 1,000 g; # (b) Dressed for use as sewing thread; and # (c) With a final “Z” twist.","                   ",,"Note 5:"
"16","من أجل تطبيق أحكام هذا القسم، يقصد بعبارة ""خيوط عالية المتانة"" الخيوط ذات قوة تماسك معبراً عنها بعدد السنتنيوتن في التكس (CN/TEX) وتتجاوز الحدود التالية : # - خيوط مفردة من نايلون أو من بولى أميدات أخر أو من بوليستر 60 cN/tex. # - خيوط مزوية أو متعددة الزوى من نايلون أو من بولى أميدات أخر أو من بوليستر 53 cN/tex #- خيوط مفردة أو مزوية أو متعددة الزوى من حرير الفسكوز 27 cN/tex",,,"ملاحظة 6:","11","For the purposes of this Section, the expression “high tenacity yarn” means yarn having a tenacity, expressed in cN/tex (centinewtons per tex), greater than the following : # Single yarn of nylon or other polyamides, or of polyesters .........................................................  60 cN/tex #   Multiple (folded) or cabled yarn of nylon or other polyamides, or of polyesters ....................  53 cN/tex # Single, multiple (folded) or cabled yarn of viscose rayon ...........................................................  27 cN/tex.","                   ",,"Note 6:"
"17","تعتبر ""أصنافاً جاهزة"" في هذا القسم : # أ- الأصناف المقطعة بأشكال غير مربعة ولا مستطيلة؛  # ب- الأصناف المتحصل عليها بشكل نهائى وجاهزة للإستعمال (أو التي يمكن إستعمالها بعد فصلها عن بعضها بمجرد قطع الخيوط غير المتشابكة) دون خياطة أو أية عملية أخرى (مثل بعض المماسح والمناشف وأغطية المناضد والأوشحة المربعة والأحرمة)؛ # ج- الأصناف المكفوفة أو المثنية الأطراف بأية طريقة، أو ذات الهدب المعقودة من أية حافة سواءً كانت مصنوعة من خيوط الصنف نفسه أو من خيوط إضافية، ولا تعتبر أصنافاً جاهزة الأقمشة ذات الحواف المقصوصة ""بلا حواشى"" التي منع تنسيلها بلفق أطرافها أو بأية طريقة بسيطة أخرى؛ # د- الأصناف المقطعة بأشكال وقياسات والتي تمت عليها عملية سحب لبعض خيوطها؛  #ه- الأصناف المجمعة بالخياطة أو باللصق أو بأية طريقة أخرى (عدا القطع النسجية المؤلفة من قطعتين أو أكثر بأطوال ومن ذات النوع ووصلت نهاياتها للحصول على قطع أكثر طولاً وكذلك القطع المؤلفة من نوعين أو أكثر من النسج المجمعة بشكل طبقات وإن كانت تتضمن مواد حشو)؛ # و- أصناف المصنرات بما فيها الكروشيه، المشغولة بأشكال معينة، سواءً قدمت كوحدات منفصلة أو بشكل يتضمن عدد من الوحدات بأطوال (أثواباً).",,,"ملاحظة 7:","11","For the purposes of this Section, the expression “made up” means : #  (a)   Cut otherwise than into squares or rectangles; #  (b)   Produced in the finished state, ready for use (or merely needing separation by cutting dividing threads) without sewing or other working (for example, certain dusters, towels, table cloths, scarf squares, blankets); #  (c)   Cut to size and with at least one heat-sealed edge with a visibly tapered or compressed border and the other edges treated as described in any other subparagraph of this Note, but excluding fabrics the cut edges of which have been prevented from unravelling by hot cutting or by other simple means; 3 (d)   Hemmed or with rolled edges, or with a knotted fringe at any of the edges, but excluding fabrics the cut edges of which have been prevented from unravelling by whipping or by other simple means; 3 (e)   Cut to size and having undergone a process of drawn thread work; 3  (f)   Assembled by sewing, gumming or otherwise (other than piece goods consisting of two or more lengths of identical material joined end to end and piece goods composed of two or more textiles assembled in layers, whether or not padded); # (g)   Knitted or crocheted to shape, whether presented as separate items or in the form of a number of items in the length.","                   ",,"Note 7:"
"18","من أجل تطبيق أحكام الفصول من 50 إلى 60 فإن: # ( أ) لاتنطبق الفصول من 50 إلى 55 والفصل 60، مالم ينص على خلاف ذلك، والفصول من56 إلى 59، على الأصناف الجاهزة بالمعنى المقصود في الملاحظة (7) أعلاه؛ و #  (ب) لاتنطبق الفصول من50 إلى 55 والفصل 60، على الأصناف الداخلة في الفصول من56 إلى 59.",,,"ملاحظة 8:","11","For the purposes of Chapters 50 to 60 : #  (a)   Chapters 50 to 55 and 60 and, except where the context otherwise requires, Chapters 56 to 59 do not apply to goods made up within the meaning of Note 7 above; and # (b)   Chapters 50 to 55 and 60 do not apply to goods of Chapters 56 to 59.","                ",,"Note 8:"
"19","تعتبر من الأقمشة المنسوجة الداخلة في الفصول من 50 إلى 55، الأقمشة المؤلفة من خيوط نسجية متوازية على شكل طبقات موضوعة فوق بعضها البعض بإتجاهات تشكل زوايا حادة أو قائمة. وهذه الطبقات مضمومة إلى بعضها عند نقاط تقاطع الخيوط بلاصق أو برابط حرارى. ",,,"ملاحظة 9:","11","The woven fabrics of Chapters 50 to 55 include fabrics consisting of layers of parallel textile yarns superimposed on each other at acute or right angles. These layers are bonded at the intersections of the yarns by an adhesive or by thermal bonding.",,,"Note 9:"
"2","ما لم ينص على خلاف ذلك، فإن أية إشارة في جدول التعريفة إلى المنتجات ""المجففة"" تشمل أيضاً المنتجات التي نـزع ماؤها، أو بخرت أو جففت بالتجميد",,,"ملاحظة 2:","1","Except where the context otherwise requires, throughout the Nomenclature any reference to “dried” products also covers products which have been dehydrated, evaporated or freeze‑dried. ",,,"Note 2:"
"20","تعتبر من الأقمشة المنسوجة الداخلة في الفصول من 50 إلى 55، الأقمشة المؤلفة من خيوط نسجية متوازية على شكل طبقات موضوعة فوق بعضها البعض بإتجاهات تشكل زوايا حادة أو قائمة. وهذه الطبقات مضمومة إلى بعضها عند نقاط تقاطع الخيوط بلاصق أو برابط حرارى. ",,,"ملاحظة 10:","11","Elastic products consisting of textile materials combined with rubber threads are classified in this Section.",,,"Note10:"
"21","من أجل تطبيق أحكام هذا القسم، فإن عبارة "" مشربة ""تشمل أيضاً"" المغموسة "". ",,,"ملاحظة 11:","11","For the purposes of this Section, the expression “impregnated” includes “dipped”.",,,"Note11:"
"22","من أجل تطبيق أحكام هذا القسم، فإن عبارة ""بولى أميد"" تشمل أيضاً "" الأراميد"". ",,,"ملاحظة 12:","11","For the purposes of this Section, the expression “polyamides” includes “aramids”.",,,"Note12:"
"23","ما لم ينص على خلاف ذلك، فإن الألبسة من مواد نسجية التابعة لبنود مختلفة، يجب أن تبند في البنود الخاصة بكل منها، حتى وإن كانت مهيأة بشكل مجموعات للبيع بالتجزئة. من أجل تطبيق هذه الملاحظة، يقصد بعبارة ""ألبسة نسجية""، الألبسة الداخلة في البنود من 61.01 إلى 61.14 ومن 62.01 إلى 62.11",,,"ملاحظة 13:","11"," For the purposes of this Section and, where applicable, throughout the Nomenclature, the expression “elastomeric yarn “means filament yarn, including monofilament, of synthetic textile material, other than textured yarn, which does not break on being extended to three times its original length and which returns, after being extended to twice its original length, within a period of five minutes, to a length not greater than one and a half times its original length.",,,"Note13:"
"24",,,,,"11","Unless the context otherwise requires, textile garments of different headings are to be classified in their own headings even if put up in sets for retail sale. For the purposes of this Note, the expression “textile garments” means garments of headings 61.01 to 61.14 and headings 62.01 to 62.11.",,,"Note14:"
"25",,,,,"11"," Subject to Note 1 to Section XI, textiles, garments and other textile articles, incorporating chemical, mechanical or electronic components for additional functionality, whether incorporated as built-in components or within the fibre or fabric, are classified in their respective headings in Section XI provided that they retain the essential character of the goods of this Section.",,,"Note15:"
"26","لا يشمل هذا القسم: # (أ)- الدهانات المحضرة والحبر أوغيرها من المنتجات التي أساسها مساحيق أو رقائق معدنية (البنود من 32.07 إلى 32.10 أو 32.12 أو 32.13 أو 32.15)؛ # (ب)-  الفيرو - سيريوم والمخاليط المعدنية الأخر للقدح (لإحداث الشرر) (البند 36.06)؛  # (ج)- أغطية الرأس وأجزاءها الداخلة في البندين 65.06 أو 65.07؛ #( د)- هياكل المظلات أو الأصناف الأخر الداخلة في البند 66.03؛ # (هـ) الأصناف الداخلة في الفصل 71 (مثل خلائط المعادن الثمينة أو المعادن العاديـة المكسوة بقشرة من معادن ثمينة أو حلى الغواية ""المقلدة"" )؛ # (و)  الأصناف الداخلة في القسـم السادس عشر (الآلات والأجهزة الآلية والمـعدات الكهربائية)؛ # (ز)  القضبان المجمعة للسكك الحديدية والترام (البند 86.08 ) والأصناف الأخر الداخلة في القسم السابع عشر (مركبات وسفن ومراكب وطائرات)؛ # (ح)  الأدوات أو الأجهزة الداخلة في القسم الثامن عشر، بما فيها نوابض الساعات؛ # (ط)  كرات الرصاص المعدة للذخيرة (البند 93.06) والأصناف الأخـر الداخلـة في القسـم التاسع عشر (أسلحة وذخائر)؛ # (ى)  الأصناف الداخلة في الفصل 94 (مثـل الأثـاث وحوامل الحشايا وأجهزة الإنـارة ولوازمها والإشارات واللوحات الإعلانية المضيئة والمبانى المسبقة الصنع)؛ # الأصناف الداخلة في الفصل95 (مثل لعب الأطفال وألعاب المجتمعات وأدوات ولوازم الرياضة)؛ # المناخل اليدوية والأزرار وأقلام الحبر السائل وماسكات الأقلام وريش أقـلام الحـبـر أو الأصناف الأخر الداخلة في الفصل 96 (مصنوعات متنوعة)؛ # (م )  الأصناف الداخلة في الفصل 97 (مثل التحف الفنية).",,,"ملاحظة 1:","15","This Section does not cover : # (a)  Prepared paints, inks or other products with a basis of metallic flakes or powder (headings 32.07 to 32.10, 32.12, 32.13 or 32.15); # (b)  Ferro‑cerium or other pyrophoric alloys (heading 36.06); #  (c)  Headgear or parts thereof of heading 65.06 or 65.07; #  (d)  Umbrella frames or other articles of heading 66.03; #  (e)  Goods of Chapter 71 (for example, precious metal alloys, base metal clad with precious metal, imitation jewellery); #  (f)  Articles of Section XVI (machinery, mechanical appliances and electrical goods); #   (g)  Assembled railway or tramway track (heading 86.08) or other articles of Section XVII (vehicles, ships and boats, aircraft); # (h)  Instruments or apparatus of Section XVIII, including clock or watch springs; #   (ij)  Lead shot prepared for ammunition (heading 93.06) or other articles of Section XIX (arms and ammunition); #  (k)  Articles of Chapter 94 (for example, furniture, mattress supports, luminaires and lighting fittings, illuminated signs, prefabricated buildings);  # (l)  Articles of Chapter 95 (for example, toys, games, sports requisites); # (m)  Hand sieves, buttons, pens, pencil-holders, pen nibs, monopods, bipods, tripods and similar articles or other articles of Chapter 96 (miscellaneous manufactured articles); or #  (n)  Articles of Chapter 97 (for example, works of art).",,,"Note 1:"
"27","يقصد بعبارة "" أجزاء ولوازم للإستعمالات العامة "" حيثما وردت في جدول التعريفة: # ( أ )  الأصناف الداخلة في البنود 73.07 أو 73.12 أو 73.15 أو 73.17 أو 73.18والأصناف المماثلة من معادن عادية أخر؛ # (ب)  النوابض وريش النوابض، من معادن عادية، بإستثناء نوابض الساعات (البند 91.14)؛ # (ج)  الأصناف الداخلة في البنود 83.01 أو 83.02 أو 83.08 أو 83.10 والأطر والمرايا من معادن عادية، الداخلة في البند 83.06. # إن الإشارة إلى أجزاء الأصناف الداخلة في الفصول من 73 حتى 76 ومن 78 حتى 82 (ما عدا البند 73.15) لاتسرى على الأجزاء واللوازم للإستعمالات العامة بالمعنى المقصود أعلاه. مع مراعاة أحكـام الفقرة السابقة والملاحظة (1) للفصل 83، فإن بنود الفصول من 72 حتى 76 ومن 78 حتى 81 لاتسرى على أي من المصنوعات الداخلة في الفصلين 82 أو 83.",,,"ملاحظة 2:","15","Throughout the Nomenclature, the expression “parts of general use” means : # (a)  Articles of heading 73.07, 73.12, 73.15, 73.17 or 73.18 and similar articles of other base metal, other than articles specially designed for use exclusively in implants in medical, surgical, dental or veterinary sciences (heading 90.21); #  (b)  Springs and leaves for springs, of base metal, other than clock or watch springs (heading 91.14); and #   (c)  Articles of headings 83.01, 83.02, 83.08, 83.10 and frames and mirrors, of base metal, of heading 83.06. # In Chapters 73 to 76 and 78 to 82 (but not in heading 73.15) references to parts of goods do not include references to parts of general use as defined above. #  Subject to the preceding paragraph and to Note 1 to Chapter 83, the articles of Chapter 82 or 83 are excluded from Chapters 72 to 76 and 78 to 81.",,,"Note 2:"
"28","يقصد بعبارة ""معادن عادية"" أينما وردت في جدول التعريفة: الحديد الصب ""ظهر""،والحديد، والصلب (فولاذ)، النحاس، النيكل، الألومنيوم، الرصاص، الزنك، القصدير، التنجستين (ولفرام)، الموليبدنيوم، التانتالوم، الماغنسيوم، الكوبالت، البيزموت، الكادميوم، التيتانيوم، الزيركونيوم، الأنتيموان، المنجنيز، البيريليوم، الكروم، الجرمانيوم، الفاناديوم، الجاليوم، الهافنيوم (سلتيوم)، الأنديوم، النيوبيوم (الكولومبيوم)، الرينيوم والثاليوم. ",,,"ملاحظة 3:","15","Throughout the Nomenclature, the expression “base metals” means : iron and steel, copper, nickel, aluminium, lead, zinc, tin, tungsten (wolfram), molybdenum, tantalum, magnesium, cobalt, bismuth, cadmium, titanium, zirconium, antimony, manganese, beryllium, chromium, germanium, vanadium, gallium, hafnium, indium, niobium (columbium), rhenium and thallium.",,,"Note3:"
"29","يقصد بعبارة ""سيرميت"" (خلائط معدنية خزفية)، أينما وردت في جدول التعريفة، المنتجات التي تحتوى على خلائط مجهرية غير متجانسة من مكونات معدنية ومكونات خزفية. وتشمل عبارة ""سيرميت"" أيضاً، الكربيدات المعدنية الملبدة ""فريت"" (كربيدات معدنية ملبدة مع معدن). ",,,"ملاحظة 4:","15","Throughout the Nomenclature, the term “cermets” means products containing a microscopic heterogeneous combination of a metallic component and a ceramic component. The term “cermets” includes sintered metal carbides (metal carbides sintered with a metal).",,,"Note 4:"
"3","يقصد بعبارة ""كريات مكتلة Pellets"" أينما وردت فى هذا القسم، المنتجات المقدمة بشكل حبات إسطوانية أو كروية صغيرة ..إلخ، المكتلة إما مباشرة بالضغط البسيط أو بإضافة مادة رابطة بنسبة لاتزيد عن 3% وزناً.",,,"ملاحظة 1:","2","In this Section the term “pellets” means products which have been agglomerated either directly by compression or by the addition of a binder in a proportion not exceeding 3 % by weight.",,,"Note 1:"
"30","قـواعد تبنيد الخلائط (عدا خلائط الحديد وخلائط النحاس كما عرفت في الفصلين 72، 74: # ( أ )  الخلائط من معادن عادية تبند مع المعدن الغالب وزناً على أي من المعادن الأخر؛  # (ب)  الخلائط المكونة من معادن عادية داخلة في هذا القسم ومن عناصر غير داخلـة فيـه، تبند كخلائط المعـادن العادية الداخلة في هذا القسم إذا كان مجموع وزن هـذه المعادن يساوى أو يزيد عن مجموع وزن العناصر الأخر الداخلة في تركيبها؛ # (ج)  تشـمل عبارة ""خلائط"" الواردة في هذا القسم المخاليط الملبدة ""الفريت"" من مساحيق معدنية، والمخاليط غير المتجانسة المتحصـل عليها بالصهر (عدا الخلائط المعدنية الخزفية ""سيرميت"" )، ومركبات السبائك. ",,,"ملاحظة 5:","15","Classification of alloys (other than ferro‑alloys and master alloys as defined in Chapters 72 and 74) : #  (a)  An alloy of base metals is to be classified as an alloy of the metal which predominates by weight over each of the other metals; # (b)  An alloy composed of base metals of this Section and of elements not falling within this Section is to be treated as an alloy of base metals of this Section if the total weight of such metals equals or exceeds the total weight of the other elements present; # (c)   In this Section the term “alloys” includes sintered mixtures of metal powders, heterogeneous intimate mixtures obtained by melting (other than cermets) and intermetallic compounds.",,,"Note 5:"
"31","ما لم ينص على خلاف ذلك، فإن كل إشارة في جدول التعريفة إلى معدن عادى، تعتبر شاملة أيضا لخلائطه التي يجب أن تبند معه، وفقاً لأحكام الملاحظة (5) أعلاه. ",,,"ملاحظة 6:","15","Unless the context otherwise requires, any reference in the Nomenclature to a base metal includes a reference to alloys which, by virtue of Note 5 above, are to be classified as alloys of that metal.",,,"Note 6:"
"32","قواعد تبنيد الأصناف المركبة: ما لم تنص عليه البنود خلافاً لذلك، فإن المصنوعات من معادن عادية (بما فيها الأصناف من مواد مخلوطة التي تعتبر كمصنوعات من معدن عادى بموجب القواعد العامة لتفسير جدول التعريفة) والمحتوية على معدنين أو أكثر من المعادن العادية، تبند مع المصنوعات المماثلة من المعدن الغالب وزناً على أي من المعادن الأخر. ولتطبيق هذه القاعدة: # ( أ )  يعتـبر الحديد الصب (ظهر)، والحديد، والصلب (الفولاذ) أو الأنواع المختلفة مـن الحديد أو الصلب، معدنًا واحداً؛ # (ب)  تعتبر الخلائط كما لو كانت بأكملها من نوع المعدن الذي يحدد بنده وفقاً للملاحظة (5) أعلاه؛ و # (ج)  تعتبر الخلائط المعدنية الخزفية """"سيرميت"" الداخلة في البند 81.13 كمعدن عادى واحد. ",,,"ملاحظة 7:","15","Classification of composite articles : # Except where the headings otherwise require, articles of base metal (including articles of mixed materials treated as articles of base metal under the General Interpretative Rules) containing two or more base metals are to be treated as articles of the base metal predominating by weight over each of the other metals. # For this purpose : # (a)  Iron and steel, or different kinds of iron or steel, are regarded as one and the same metal; # (b)  An alloy is regarded as being entirely composed of that metal as an alloy of which, by virtue of Note 5, it is classified; and # (c)  A cermet of heading 81.13 is regarded as a single base metal.",,,"Note 7:"
"33","يقصد بالعبارات التالية الواردة في هذا القسم المعانى المبينة إزاء كل منها: #( أ)  فضـلات وخردة: هى الفضلات والخردة المعدنية الناتجة عن عمليتى التصنيع أو الشغل الإلى للمعادن، والمصنوعات المعدنية التي لا تصلح نهائياً للإستعمال كمصنوعات معدنية بسبب التكسير أو التقطيع أو التآكل أو غيرها من الأسباب. # (ب)  مساحيـق: هى المنتجات التي يمر 90% أو أكثر من وزنها من خلال منخل ذى عيون مقاسها 1 مم. ",,,"ملاحظة 8:","15","in this Section, the following expressions have the meanings hereby assigned to them : #  (a)  Waste and scrap # (i)    All metal waste and scrap; #   (ii)    Metal goods definitely not usable as such because of breakage, cutting up, wear or other reasons. #  (b)  Powders # Products of which 90 % or more by weight passes through a sieve having a mesh aperture of 1 mm.",,,"Note 8:"
"34",,,,,"15","For the purposes of Chapters 74 to 76 and 78 to 81, the following expressions have the meanings hereby assigned to them :#   (a)  Bars and rods Rolled, extruded, drawn or forged products, not in coils, which have a uniform solid cross-section along their whole length in the shape of circles, ovals, rectangles (including squares), equilateral triangles or regular convex polygons (including “flattened circles” and “modified rectangles”, of which two opposite sides are convex arcs, the other two sides being straight, of equal length and parallel). Products with a rectangular (including square), triangular or polygonal cross-section may have corners rounded along their whole length.  The thickness of such products which have a rectangular (including “modified rectangular”) cross-section exceeds one-tenth of the width. The expression also covers cast or sintered products, of the same forms and dimensions, which have been subsequently worked after production (otherwise than by simple trimming or de-scaling), provided that they have not thereby assumed the character of articles or products of other headings. # Wire-bars and billets of Chapter 74 with their ends tapered or otherwise worked simply to facilitate their entry into machines for converting them into, for example, drawing stock (wire-rod) or tubes, are however to be taken to be unwrought copper of heading 74.03.  This provision applies mutatis mutandis to the products of Chapter 81. # (b)  Profiles # Rolled, extruded, drawn, forged or formed products, coiled or not, of a uniform cross-section along their whole length, which do not conform to any of the definitions of bars, rods, wire, plates, sheets, strip, foil, tubes or pipes.  The expression also covers cast or sintered products, of the same forms, which have been subsequently worked after production (otherwise than by simple trimming or de-scaling), provided that they have not thereby assumed the character of articles or products of other headings. #  (c)  Wire # Rolled, extruded or drawn products, in coils, which have a uniform solid cross-section along their whole length in the shape of circles, ovals, rectangles (including squares), equilateral triangles or regular convex polygons (including “flattened circles” and “modified rectangles”, of which two opposite sides are convex arcs, the other two sides being straight, of equal length and parallel). Products with a rectangular (including square), triangular or polygonal cross-section may have corners rounded along their whole length.  The thickness of such products which have a rectangular (including “modified rectangular”) cross-section exceeds one-tenth of the width. #  (d)  Plates, sheets, strip and foil # Flat-surfaced products (other than the unwrought products), coiled or not, of solid rectangular (other than square) cross-section with or without rounded corners (including “modified rectangles” of which two opposite sides are convex arcs, the other two sides being straight, of equal length and parallel) of a uniform thickness, which are : # -    of rectangular (including square) shape with a thickness not exceeding one-tenth of the width; # -    of a shape other than rectangular or square, of any size, provided that they do not assume the character of articles or products of other headings. # Headings for plates, sheets, strip, and foil apply, inter alia, to plates, sheets, strip, and foil with patterns (for example, grooves, ribs, chequers, tears, buttons, lozenges) and to such products which have been perforated, corrugated, polished or coated, provided that they do not thereby assume the character of articles or products of other headings.  #  (e)  Tubes and pipes # Hollow products, coiled or not, which have a uniform cross-section with only one enclosed void along their whole length in the shape of circles, ovals, rectangles (including squares), equilateral triangles or regular convex polygons, and which have a uniform wall thickness.  Products with a rectangular (including square), equilateral triangular or regular convex polygonal cross-section, which may have corners rounded along their whole length, are also to be considered as tubes and pipes provided the inner and outer cross-sections are concentric and have the same form and orientation.  Tubes and pipes of the foregoing cross-sections may be polished, coated, bent, threaded, drilled, waisted, expanded, cone-shaped or fitted with flanges, collars or rings.",,,"Note 9:"
"35","لا يشمل هذا القسـم : # أ -  سـيور نقل الحركة وسـيور نقل المواد من اللدائن الداخلة فى الفصل 39،  أو من مطاط مبركن   (البنـد 40.10)؛ أو الأصناف الأخـر ، مــن الأنواع المستخدمة  فى الآلات أو الأجهزة الآلية أو الكهربائية، أو لأغراض التقنيـة الأخر، من مطاط مبركن غير مقسى ( البند 40.16 ) ؛ # ب -  الأصناـف من جلد طبيعى أو مجدد (البند 42.04) أو من جلود بفراء (البند 43.03)، من الأنواع المستخدمة فى الآلات أو الأجهزة الآلية أو فى أغراض التقنية الأخر ؛ # ج-  المواسـير ""بوبينات "" والبكرات والمكبات والحوامل المخروطية ""كونات"" وغيرها مــن الحوامل   المماثلة، من أية مادة (مثلاً، الفصول 39 أو 40 أو 44 أو 48 أو القسم الخامس عشر)؛ # د -  البطاقـات المثقبة لآلات الجـاكار أو للآلات المماثلة (مثلاً، الفصول 39 أو 48 أو القسم الخامس  عشر )؛ # هـ -  سـيور نقل الحركة وسيور نقل المواد، من مواد نسجية (البند59.10 )، وكذلك الأصناف الأخر   من مواد نسجية لإستعمالات تقنية ( البند 59.11 ) ؛ # و -  الأحجار الكريمـة أو شبه الكريمة (طبيعية أو تركيبية أو مجددة) المذكورة فـى البنود من 71.02   إلي 71.04، وكذلك الأصناف المصنوعة كلياً من مثل هذه الأحجار المذكورة فى البند 71.16،    ما عــدا الياقوت الأزرق (سفير) والماس المشغولين غير المركبين على حوامل لإبر قراءة الحاكى   (البند 85.22 ) ؛ # ز -  الأجـزاء واللوازم للإسـتعمالات العامة بالمعنى المقصود فى الملاحظة (2) من القسم الخامس عشر، من معادن عادية (القسم الخامس عشر) أو الأصناف المماثلة من لدائن (الفصل 39) ؛ # ح -  مواسير الحفر (البند 73.04) ؛ #  ط -  السيور المقفلة بدون نهايات من أسلاك أو أشرطة معدنية (القسم الخامس عشر ) ؛ # ى -  أصناف الفصل 82 أو الفصل 83 ؛ # ك -  أصناف القسم السابع عشر ؛ # ل -  أصناف الفصل (90) ؛ # م -  أصناف صناعة الساعات ( الفصل 91 ) ؛ # ن -  الأدوات القابلة للتبديل الداخلة فـى البند 82.07 أو الفراجـين من الأنواع المستعملة كأجزاء   للآلات (البند 96.03) ؛ كذلك الأدوات المماثلة القابلـة للتبديـل التي تبند وفقاً للمادة المصنوعة   منها أجزاؤها العاملة (مثلاً، فى الفصول40، 42، 43، 45 أو59 أو البند68.04 أو البند69.09)؛ # س-  أصناف الفصل ( 95 ) . # ع - أشرطة الآلات الكاتبة والأشرطة المماثلة ، سواء كانت مركبة على بكرات أو ضمن عبوات (خراطيش) (تبند تبعاً للمادة المكونة لها ، أو فى البند 96.12 إذا كانت مجمدة أو محضرة بطريقة أخرى للطبع).",,,"ملاحظة 1:","16","This Section does not cover : # (a)   Transmission or conveyor belts or belting, of plastics of Chapter 39, or of vulcanised rubber (heading 40.10), or other articles of a kind used in machinery or mechanical or electrical appliances or for other technical uses, of vulcanised rubber other than hard rubber (heading 40.16); # (b)   Articles of leather or of composition leather (heading 42.05) or of furskin (heading 43.03), of a kind used in machinery or mechanical appliances or for other technical uses; #  (c)   Bobbins, spools, cops, cones, cores, reels or similar supports, of any material (for example, Chapter 39, 40, 44 or 48 or Section XV); #  (d)   Perforated cards for Jacquard or similar machines (for example, Chapter 39 or 48 or Section XV); #  (e)   Transmission or conveyor belts or belting of textile material (heading 59.10) or other articles of textile material for technical uses (heading 59.11); #   (f)   Precious or semi‑precious stones (natural, synthetic or reconstructed) of headings 71.02 to 71.04, or articles wholly of such stones of heading 71.16, except unmounted worked sapphires and diamonds for styli (heading 85.22); #  (g)   Parts of general use, as defined in Note 2 to Section XV, of base metal (Section XV), or similar goods of plastics (Chapter 39); #  (h)   Drill pipe (heading 73.04); # (ij)   Endless belts of metal wire or strip (Section XV); #  (k)   Articles of Chapter 82 or 83; # (l)   Articles of Section XVII; # (m) Articles of Chapter 90; #   (n)   Clocks, watches or other articles of Chapter 91; #   (o)   Interchangeable tools of heading 82.07 or brushes of a kind used as parts of machines (heading 96.03); similar interchangeable tools are to be classified according to the constituent material of their working part (for example, in Chapter 40, 42, 43, 45 or 59 or heading 68.04 or 69.09); # (p)   Articles of Chapter 95; or # (q)   Typewriter or similar ribbons, whether or not on spools or in cartridges (classified according to their constituent material, or in heading 96.12 if inked or otherwise prepared for giving impressions), or monopods, bipods, tripods and similar articles, of heading 96.20.",,,"Note 1:"
"36","مع مراعاة أحكام الملاحظة (1) من هذا القسم والملاحظة (1) من كل من الفصلين 84 و 85، فإن الأجزاء والقطع المنفصلة للآلات (بإستثناء الأجزاء والقطع المنفصلة للأصناف الداخلة فـى البنـود 84.84 أو 85.44 أو 85.45 أو 85.46 أو 85.47)، تبند تبعاً للقواعد التالية : # ( أ )  إن الأجزاء التي تمثل أصنافاً مشمولة فى أى من بنود الفصلين84 أو85 (بإستثناء البنــود 84.09   و 84.31 و 84.48 و 84.66 و 84.73 و 84.85 و 85.03 و 85.22 و 85.29  و85.38   و85.48 )، تدخل فى جميع الحالات فى بنودها الخاصة ؛ # (ب)  إذا كانت الأجزاء الأخر معدة للإستعمال حصراً أو بصورة رئيسية لآلة معينة أو لعدد من الآلات   الداخلة فى نفس البند (بما فى ذلك الآلات الداخلة فى البند 84.79 أو البند 85.43)، فـإن هذه   الأجـزاء تدخل فى البند الذى تخضع له هذه الآلة أو الآلات ، تبعاً للحال، أو فى البنود 84.09 ، 84.31 ، 84.48 ، 84.66 ، 84.73 ، 85.03 ، 85.22 ، 85.29 أو 85.38  ومع ذلك، فإن الأجزاء المعدة للإستعمال على حد سواء وبصورة رئيسية مع أصناف البند 85.17  وأيضاً مع البنود من 85.25 حتى 85.28، تدخل فى البند 85.17  ؛ # (ج)  تبند جميع الأجزاء الأخر فى البنود 84.09 ، 84.31 ، 84.48 ، 84.66 ، 84.73 ، 85.03 ، 85.22 ، 85.29 أو 85.38، تبعاً للحال، فإذا تعذر ذلك ، فإنها تبند فى البند 84.85 أو البند  85.48",,,"ملاحظة 2:","16","Subject to Note 1 to this Section, Note 1 to Chapter 84 and Note 1 to Chapter 85, parts of machines (not being parts of the articles of heading 84.84, 85.44, 85.45, 85.46 or 85.47) are to be classified according to the following rules : #  (a)   Parts which are goods included in any of the headings of Chapter 84 or 85 (other than headings 84.09, 84.31, 84.48, 84.66, 84.73, 84.87, 85.03, 85.22, 85.29, 85.38 and 85.48) are in all cases to be classified in their respective headings; #   (b)   Other parts, if suitable for use solely or principally with a particular kind of machine, or with a number of machines of the same heading (including a machine of heading 84.79 or 85.43) are to be classified with the machines of that kind or in heading 84.09, 84.31, 84.48, 84.66, 84.73, 85.03, 85.22, 85.29 or 85.38 as appropriate. However, parts which are equally suitable for use principally with the goods of headings 85.17 and 85.25 to 85.28 are to be classified in heading 85.17, and parts which are suitable for use solely or principally with the goods of heading 85.24 are to be classified in heading 85.29; # (c)   All other parts are to be classified in heading 84.09, 84.31, 84.48, 84.66, 84.73, 85.03, 85.22, 85.29 or 85.38 as appropriate or, failing that, in heading 84.87 or 85.48.",,,"Note 2:"
"37","مالم ينص على خلاف ذلك، فإن الآلات المركبة المؤلفة من آلتين أو أكثر ذات وظائف مختلفة ، المعدة لكى تعمل معاً كوحدة، والمهيأة فى جسم واحد، وكذلك الآلات المعدة لكى تؤدى وظيفتين مختلفتين أو أكثر، بالتناوب أو بالتكامل، فإنها تبند تبعاً للوظيفة الرئيسية فى كلتا الحالتين ",,,"ملاحظة 3:","16","Unless the context otherwise requires, composite machines consisting of two or more machines fitted together to form a whole and other machines designed for the purpose of performing two or more complementary or alternative functions are to be classified as if consisting only of that component or as being that machine which performs the principal function.",,,"Note 3:"
"38","عندما تكون الآلة (بما فى ذلك المجموعة المؤلفة من آلات مشتركة ) مؤلفة من مكونات مستقلة (وإن كانت منفصلة أو متصلة فيما بينها بأنابيب، أو بأجهزة ناقلة للحركة أو بكابلات كهربائية أو بأية وسيلة أخرى) معدة لأن تعمل معاً لأداء وظيفة محددة بوضوح ومشمولة فى أى من بنود الفصلين 84 أو85، فإن المجموعة تبند فى البند الخاص بهذه الوظيفة",,,"ملاحظة 4:","16","Where a machine (including a combination of machines) consists of individual components (whether separate or interconnected by piping, by transmission devices, by electric cables or by other devices) intended to contribute together to a clearly defined function covered by one of the headings in Chapter 84 or Chapter 85, then the whole falls to be classified in the heading appropriate to that function.",,,"Note 4:"
"39","من أجل تطبيق أحكام الملاحظات السابقة، يقصد بكلمة ""آلات"" أى من الآلات أو الوحدات أو المعدات أو الأجهزة  ، مما هو وارد فى بنود الفصلين 84 أو  85 ",,,"ملاحظة 5:","16","For the purposes of these Notes, the expression “machine” means any machine, machinery, plant, equipment, apparatus or appliance cited in the headings of Chapter 84 or 85.",,,"Note 5:"
"4","يقصد بعبارة "" كريات مكتلة Pellets "" أينما وردت فى هذا القسم، المنتجات المقدمة بشكل حبات إسطوانية أو كروية كتلت إما بمجرد الضغط البسيط أو بإضافة مواد رابطة بنسبة لا تزيد عن 3% وزناً .",,,"ملاحظة 1:","4"," In this Section the term “pellets” means products which have been agglomerated either directly by compression or by the addition of a binder in a proportion not exceeding 3 % by weight.",,,"Note 1:"
"40",,,,,"16","Throughout the Nomenclature, the expression “electrical and electronic waste and scrap” means electrical and electronic assemblies, printed circuit boards, and electrical or electronic articles that : #  (i) have been rendered unusable for their original purposes by breakage, cutting-up or other processes or are economically unsuitable for repair, refurbishment or renovation to render them fit for their original purposes; and # (ii) are packaged or shipped in a manner not intended to protect individual articles from damage during transportation, loading and unloading operations.","Mixed consignments of “electrical and electronic waste and scrap” and other waste and scrap are to be classified in heading 85.49.","This Section does not cover municipal waste, as defined in Note 4 to Chapter 38","Note 6:"
"41","لايشمل هذا القسم الأصناف الداخلة فى البنود 95.01 أو 95.03 أو 95.08، كما لايشمل الزحافات والمزالق والأصناف المماثلة الداخلة فى البند 95.06 .",,,"ملاحظة 1:","17","This Section does not cover articles of heading 95.03 or 95.08, or bobsleighs, toboggans or the like of heading 95.06.",,,"Note 1:"
"42","لاتعتبر "" أجزاء أو لوازم "" بالمعنى المقصود فى هذا القسم ، وإن كانت معدة بوضوح للإستعمال فى معدات النقل، الأصناف التالية : # أ  -  الفواصل والحلقات ومايماثلهـا مـن جميع المواد (بند المادة المكونة منها أو البند84.84) وكذلك   الأصناف الأخر من مطاط مبركن عدا المطاط المقسى (البند 40.16)؛ # ب -  الأجـزاء واللوازم المعدة للإستعمالات العامـة بالمعنى المقصود فى الملاحظة 2 من القسم الخامس   عشر، من معادن عادية ( القسم الخامس عشر) والأصناف المماثلة من لدائن (الفصل 39) ؛ # ج -  أصناف الفصل 82 (العدد) ؛ # د -  أصناف البند 83.06 ؛ # هـ -  الآلات والأجهزة الداخلة فى البنود من 84.01 حتى 84.79 وكذلك أجزاؤها؛ الأصناف الداخلة فى البنديـن 84.81 أو 84.82 ؛ الأصناف الداخة فى البند 84.83، بشرط أن تشكل أجزاءً من   المحركات ؛ # و -  الآلات والمعدات الكهربائية (الفصل 85) ؛ # ز -  الأصناف الداخلة فى الفصل 90 ؛ # ح -  أصناف الفصل 91 ؛ # ط -  الأسلحة (الفصل 93) ؛ # ى -  أجهزة الإنارة وأجزاؤها الداخلة فى البند 94.05 ؛ # ك -  الفراجين من الأنواع المستعملة كأجزاء للعربات (البند 96.03) .",,,"ملاحظة 2:","17","The expressions “parts” and “parts and accessories” do not apply to the following articles, whether or not they are identifiable as for the goods of this Section : # (a)   Joints, washers or the like of any material (classified according to their constituent material or in heading 84.84) or other articles of vulcanised rubber other than hard rubber (heading 40.16); # (b)   Parts of general use, as defined in Note 2 to Section XV, of base metal (Section XV), or similar goods of plastics (Chapter 39); # (c)   Articles of Chapter 82 (tools); # (d)   Articles of heading 83.06; # (e)   Machines or apparatus of headings  84.01 to 84.79, or parts thereof, other than the radiators for the articles of this Section; articles of heading 84.81 or 84.82 or, provided they constitute integral parts of engines or motors, articles of heading 84.83; #  (f)   Electrical machinery or equipment (Chapter 85); # (g)   Articles of Chapter 90; #  (h)   Articles of Chapter 91; # (ij)   Arms (Chapter 93); #  (k)   Luminaires and lighting fittings and parts thereof of heading 94.05; or # (l)   Brushes of a kind used as parts of vehicles (heading 96.03).",,,"Note 2:"
"43","إن عبارة "" أجزاء أو لوازم "" بالمعنى المقصود فى الفصول من 86 حتى 88، لاتنبطق على الأجزاء واللوازم غير الملائمه للإستخدام حصراً أو بصورة رئيسية مع أصناف تلك الفصول . أما الأجزاء واللوازم التى تبعاً لمواصفاتها قد ينطبق عليها توصيف بندين أو أكثر من بنود تلك الفصول ، فإنها يجب أن تبندها تبعاً للبند الذى يتوافق مع إستعمالها الرئيسى .",,,"ملاحظة 3:","17","References in Chapters 86 to 88 to “parts” or “accessories” do not apply to parts or accessories which are not suitable for use solely or principally with the articles of those Chapters. A part or accessory which answers to a description in two or more of the headings of those Chapters is to be classified under that heading which corresponds to the principal use of that part or accessory.",,,"Note 3:"
"44","من أجل تطبيق أحكام هذا القسم : # ( أ )  إن العربات المصممة خصيصاً للسـير على الطرق البرية وفى نفس الوقت على الطرق الحديدية،   يجب أن تبند فى بندها الملائم من الفصل 87 ؛ # (ب)  إن السيارات البرمائية ذات المحرك تبند فى بندها الملائم من الفصل 87 ؛ # (ج)  إن الطائرات المصممة خصيصاً بحيث يصبح من الممكن إستخدامها كعربات للطرق البرية تبند    فى بندها الملائم من الفصل 88 . ",,,"ملاحظة 4:","17","For the purposes of this Section : # (a)   Vehicles specially constructed to travel on both road and rail are classified under the appropriate heading of Chapter 87; # (b)   Amphibious motor vehicles are classified under the appropriate heading of Chapter 87; #  (c)   Aircraft specially constructed so that they can also be used as road vehicles are classified under the appropriate heading of Chapter 88.",,,"Note 4:"
"45","تبند العربات ذات الوسائد الهوائية ضمن هذا القسم مع العربات الأكثر مماثلة لها وفقاً لما يلى : # أ -  فى الفصل 86 إذا كانت مصممة للسير فوق طريق موجه (القطارات ذات الوسائد الهوائية) ؛ # ب -  فى الفصل 87 إذا كانت مصممة للسيرفوق اليابسة أو فوق اليابسة والماء معاً ؛ # ج- فى الفصل 89 إذا كانت مصممة للسير فوق الماء، وإن كانت قادرة على الرسو على الشواطئ أو الأرصفة العائمة أو قادرة أيضاً على السير فوق الجليد . # تبند أجزاء ولوازم العربات ذات الوسائد الهوائية بنفس الطريقة كما لوكانت أجزاء ولوازم   خاصة بتلك العربات التى ستخضع لبندها العربات ذات الوسائد الهوائية وفقاً للأحكام السابقة . وتبند المعدات الثابتة لطرق القطارات ذات الوسائد الهوائية وتركيباتها مثلماً تبند المعدات الثابتة لخطوط السكك الحديديـة وتــركيباتها ، وتبند أجهزة الإشارة والأمان والرقابة والتحكم   والتوجيه الخاصة بطرق القطارات ذات الوسائد الهوائية مثلما تبند أجهزة الإشارة والأمان والرقابة   والتحكم والتوجيه  الخاصة بخطوط السكك الحديدية .",,,"ملاحظة 5:","17","Air‑cushion vehicles are to be classified within this Section with the vehicles to which they are most akin as follows : #  (a)   In Chapter 86 if designed to travel on a guide‑track (hovertrains); # (b)   In Chapter 87 if designed to travel over land or over both land and water; # (c)   In Chapter 89 if designed to travel over water, whether or not able to land on beaches or landing‑stages or also able to travel over ice. #  Parts and accessories of air‑cushion vehicles are to be classified in the same way as those of vehicles of the heading in which the air‑cushion vehicles are classified under the above provisions. # Hovertrain track fixtures and fittings are to be classified as railway track fixtures and fittings, and signalling, safety or traffic control equipment for hovertrain transport systems as signalling, safety or traffic control equipment for railways.",,,"Note 5:"
"5","إن المنتجات (ماعدا خامات المعادن المشعة)، التي تتوافر فيها الأوصاف الواردة في البند 28.44 أو البند 28.45     ، يجب أن تدخل في أحد هذين البندين وليس في أي بند آخر من جدول التعريفة ","مع مراعاة أحكام الفقرة (أ) أعلاه، فإن جميع المنتجات التي تتوافر فيها الأوصاف المذكورة في البند 28.43 أو البند 28.46، يجب ان تدخل في أحد هذين البندين وليس في أي بند آخر من هذا القسم. ",,"ملاحظة 1:","6"," Goods (other than radioactive ores) answering to a description in heading 2844 or 2845 are to be classified in those headings and in no other heading of the Nomenclature. $ ",,,"Note 1:"
"6","مع مراعاة أحكام الملاحظة (1) أعلاه، فإن المنتجات المحضرة بمقادير معايرة أو المهيأة للبيع بالتجزئة يجـب ان تدخل في أحد البنود 30.04، 30.05، 30.06، 32.12، 33.03،  33.04، 33,05، 33.06، 33.07، 35.06، 37.07، أو 38.08 وليس في أي بند آخر من جدول التعريفة. ",,," ملاحظة 2:","6","Subject to Note 1 above, goods classifiable in heading 3004, 3005, 3006, 3212, 3303, 3304, 3305, 3306, 3307, 3506, 3707 or 3808 by reason of being put up in measured doses or for retail sale are to be classified in those headings and in no other heading of the Nomenclature.",,,"Note 2:"
"7","إن المنتجات المهيأة بشكل مجموعات مؤلفة من إثنين أو أكثر من المكونات المنفصلة، التي يتبع  بعضها أوكلها ضمن هذا القسم، والمعدة لخلطها معا للحصول على أحد المنتجات التي يشملها  القسم السادس أو القسم السابع، يجب إخضاعها للبند الخاص بهذا المنتج الأخير، بشرط أن  يتوافر في المكونات ما يلى: # (أ) أنه يمكن التعرف عليها بصورة واضحة من كيفية  تهيئتها على أنها معدة للإستعمال معا دون أن يسبق ذلك إعادة تعبئتها؛ # (ب) أن تقدم معا؛ و # (ج) أن يمكن التحقق، بسبب طبيعتها أو نسب كمياتها، من أنها مكملة لبعضها البعض. ",,,"ملاحظة 3:","6"," Goods put up in sets consisting of two or more separate constituents, some or all of which fall in this Section and are intended to be mixed together to obtain a product of Section VI or VII, are to be classified in the heading appropriate to that product, provided that the constituents are : #  (a) having regard to the manner in which they are put up, clearly identifiable as being intended to be used together without first being repacked; #  (b) presented together; and # (c) identifiable, whether by their nature or by the relative proportions in which they are present, as being complementary one to another.",,,"Note 3:"
"8",,,,,"6","Where a product answers to a description in one or more of the headings in Section VI by virtue of being described by name or function and also to heading 3827, then it is classifiable in a heading that references the product by name or function and not under heading 3827.",,,"Note 4:"
"9","إن المنتجات التي تكون مجموعات مؤلفة من عدة عناصر منفصلة التابعة بكاملها أو بجزء منها لهذا القسم والتي يسهل التعرف عليها على أنها معدة بعد الخلط لأن تكون منتجات تابعة للقسم السادس أو السابع، تدخل في البند العائد للمنتج الأخير بشرط أن تكون عناصرها المكونة : #(أ) يمكن التعرف عليهـا بصورة واضحة من حيث كيفية تهيئتها على أنها معدة للإستعمال معاً دون إعادة تعبئة؛ # (ب) مقدمة معـاً؛ و # (ج) يمكـن التحقق من حيث طبيعتها أو نسب كمياتها من أنها مكملة لبعضها البعض. ",,,"ملاحظة  1:","7","Goods put up in sets consisting of two or more separate constituents, some or all of which fall in this Section and are intended to be mixed together to obtain a product of Section VI or VII, are to be classified in the heading appropriate to that product, provided that the constituents are : # (a)   having regard to the manner in which they are put up, clearly identifiable as being intended to be used together without first being repacked; # (b)   presented together; and # (c)   identifiable, whether by their nature or by the relative proportions in which they are present, as being complementary one to another.",,,"Note 1:"
